company_name,month,year,MTD_total_premium,MTD_market_share,source_file,is_total_row,YTD_total_premium,YTD_market_share,agent_premium,broker_premium,bancassurance_premium,tele_marketing_premium,digital_premium,FS_total_assets_thb,FS_total_liabilities_thb,FS_total_equity_thb,FS_net_profit_loss_thb,FS_total_insurance_revenue_thb
AIA,1,2025,14604.930627915,23.875409371747,C:\Users\User\Desktop\LifeFS\data\TLAA\monthly\New_Business_Monthly_Report_on_JANUARY_2025\T1.Premium(MTD).xlsx,False,14604.930627915,23.875409371747,10823563.72691458,1274068.965,2018048.987,135571.62300000002,301.708,,,,,
AIA,1,2026,16922.16299521,26.56970274718,C:\Users\User\Desktop\LifeFS\data\TLAA\monthly\New_Business_Monthly_Report_on_JANUARY_2026\T1.Premium(MTD).xlsx,False,16922.16299521,26.56970274718,11888358.59145,1588777.8080000004,2750772.066,133164.158,197.3989999999999,,,,,
AIA,2,2025,13655.151200358,26.550075202995,C:\Users\User\Desktop\LifeFS\data\TLAA\monthly\New_Business_Monthly_Report_on_FEBRUARY_2025\T1.Premium(MTD).xlsx,False,28260.081828273,25.097067979715,11311945.442358226,192588.7420000001,1892964.737,135523.468,143.376,,,,,
AIA,2,2026,15005.34509377,28.230732685068,C:\Users\User\Desktop\LifeFS\data\TLAA\monthly\New_Business_Monthly_Report_on_FEBRUARY_2026\T1.Premium(MTD).xlsx,False,31927.50808898,27.325319401722,12125269.78929,316767.779,2456415.955,133346.358,135.02799999999996,,,,,
AIA,3,2025,15846.831160727,26.069339963103,C:\Users\User\Desktop\LifeFS\data\TLAA\monthly\New_Business_Monthly_Report_on_MARCH_2025\T1.Premium(MTD).xlsx,False,44106.912989,25.437927341308,13930717.935727194,64055.450000000026,1667220.224,137150.576,334.352,,,,,
AIA,3,2026,17804.24957083,27.671387249622,C:\Users\User\Desktop\LifeFS\data\TLAA\monthly\New_Business_Monthly_Report_on_MARCH_2026 (1)\T1.Premium(MTD).xlsx,False,49731.75765981,27.448214421106,15299913.02454,153572.55600000007,2200062.987,134970.57,367.12500000000006,,,,,
AIA,4,2025,11984.374338,26.32396455325,C:\Users\User\Desktop\LifeFS\data\TLAA\monthly\New_Business_Monthly_Report_on_APRIL_2025\T1.Premium(MTD).xlsx,False,56091.287327,25.622189802217,10168001.566,435133.055,1017196.1139999998,134457.74500000002,402.119,,,,,
AIA,5,2025,12653.651285,25.947668622938,C:\Users\User\Desktop\LifeFS\data\TLAA\monthly\New_Business_Monthly_Report_on_MAY_2025\T1.Premium(MTD).xlsx,False,68744.938612,25.68148501845,11353242.744000005,72466.47999999998,1051027.864,133150.13399999996,266.695,,,,,
AIA,6,2025,14513.757817,24.639167154751,C:\Users\User\Desktop\LifeFS\data\TLAA\monthly\New_Business_Monthly_Report_on_JUNE_2025\T1.Premium(MTD).xlsx,False,83258.696429,25.493486831206,12694222.659000002,115811.119,1537481.085,133944.474,417.084,,,,,
AIA,7,2025,13290.56897696,26.161905406426,C:\Users\User\Desktop\LifeFS\data\TLAA\monthly\New_Business_Monthly_Report_on_JULY_2025\T1.Premium(MTD).xlsx,False,96549.26540596,25.583464158679,11351657.759,469872.443,1254190.9020000002,132779.267,389.348,,,,,
AIA,8,2025,12947.50842994,25.934995038598,C:\Users\User\Desktop\LifeFS\data\TLAA\monthly\New_Business_Monthly_Report_on_AUGUST_2025\T1.Premium(MTD).xlsx,False,109496.7738359,25.624533539881,11510380.438,118117.93700000008,1102364.678,133510.31900000002,387.17800000000005,,,,,
AIA,9,2025,14243.29875389,24.540904124895,C:\Users\User\Desktop\LifeFS\data\TLAA\monthly\New_Business_Monthly_Report_on_SEPTEMBER_2025\T1.Premium(MTD).xlsx,False,123740.07258979,25.49495155293,12480093.028,119778.43999999994,1466993.414,133301.548,324.328,,,,,
AIA,10,2025,14104.42915089,27.045458866959,C:\Users\User\Desktop\LifeFS\data\TLAA\monthly\New_Business_Monthly_Report_on_OCTOBER_2025\T1.Premium(MTD).xlsx,False,137844.50174068,25.645388605164,12193427.145,178800.144,1448376.153,130945.765,676.4350000000001,,,,,
AIA,11,2025,16409.06887684,29.031164237104,C:\Users\User\Desktop\LifeFS\data\TLAA\monthly\New_Business_Monthly_Report_on_NOVEMBER_2025\T1.Premium(MTD).xlsx,False,154253.57061752,25.967549935457,14630351.79,67633.78200000002,1534419.705,134509.37199999997,1532.558,,,,,
AIA,12,2025,23267.06415392,28.208949727639,C:\Users\User\Desktop\LifeFS\data\TLAA\monthly\New_Business_Monthly_Report_on_DECEMBER_2025\T1.Premium(MTD).xlsx,False,177520.63477144,26.24082667552,21249677.972,153023.83499999996,1664123.052,137242.557,19380.57,,,,,
ALLIANZ AYUDHYA,1,2025,3869.87965585,6.3262855097865,C:\Users\User\Desktop\LifeFS\data\TLAA\monthly\New_Business_Monthly_Report_on_JANUARY_2025\T1.Premium(MTD).xlsx,False,3869.87965585,6.3262855097865,1351446.62565,730450.1417800002,1030741.5484,387599.36877,10443.188260000004,240764094000.0,221031770000.0,19732324000.0,7734152000.0,27359967000.0
ALLIANZ AYUDHYA,1,2026,4181.27634534,6.5650750220846,C:\Users\User\Desktop\LifeFS\data\TLAA\monthly\New_Business_Monthly_Report_on_JANUARY_2026\T1.Premium(MTD).xlsx,False,4181.27634534,6.5650750220846,1437812.7624000004,794056.1815400004,1120087.2705700002,419935.92839,9223.430949999998,240764094000.0,221031770000.0,19732324000.0,7734152000.0,27359967000.0
ALLIANZ AYUDHYA,2,2025,3245.79770223,6.3108911665257,C:\Users\User\Desktop\LifeFS\data\TLAA\monthly\New_Business_Monthly_Report_on_FEBRUARY_2025\T1.Premium(MTD).xlsx,False,7115.67735808,6.3192541147842,1620531.7682799995,43366.160469999806,1151545.85431,390875.36034,10641.3081,240764094000.0,221031770000.0,19732324000.0,7734152000.0,27359967000.0
ALLIANZ AYUDHYA,2,2026,3362.55929879,6.3262465547188,C:\Users\User\Desktop\LifeFS\data\TLAA\monthly\New_Business_Monthly_Report_on_FEBRUARY_2026\T1.Premium(MTD).xlsx,False,7543.83564413,6.4564299197875,1596884.91315,39011.41072000012,1264005.2096900002,425568.92767,9226.98393,240764094000.0,221031770000.0,19732324000.0,7734152000.0,27359967000.0
ALLIANZ AYUDHYA,3,2025,3844.14787846,6.3239392718701,C:\Users\User\Desktop\LifeFS\data\TLAA\monthly\New_Business_Monthly_Report_on_MARCH_2025\T1.Premium(MTD).xlsx,False,10959.82523654,6.3208966383584,1982922.60766,42782.190600000176,1370441.7580800008,395764.00996000005,10215.08529,240764094000.0,221031770000.0,19732324000.0,7734152000.0,27359967000.0
ALLIANZ AYUDHYA,3,2026,3982.06411846,6.1889291001213,C:\Users\User\Desktop\LifeFS\data\TLAA\monthly\New_Business_Monthly_Report_on_MARCH_2026 (1)\T1.Premium(MTD).xlsx,False,11525.89976259,6.3614354884426,2101693.6221499997,42512.71050999974,1363962.8864999998,420526.19336,9144.705499999998,240764094000.0,221031770000.0,19732324000.0,7734152000.0,27359967000.0
ALLIANZ AYUDHYA,4,2025,3132.71922133,6.8810926137457,C:\Users\User\Desktop\LifeFS\data\TLAA\monthly\New_Business_Monthly_Report_on_APRIL_2025\T1.Premium(MTD).xlsx,False,14092.54445787,6.4373963605203,1340346.15769,104041.50438999962,1246834.86517,396893.6838799999,10098.568249999998,240764094000.0,221031770000.0,19732324000.0,7734152000.0,27359967000.0
ALLIANZ AYUDHYA,5,2025,3297.19945382,6.7612609897723,C:\Users\User\Desktop\LifeFS\data\TLAA\monthly\New_Business_Monthly_Report_on_MAY_2025\T1.Premium(MTD).xlsx,False,17389.74391169,6.4963975059074,1588377.0553999995,23854.44974000032,1249836.9995499998,394063.0586599999,10363.71018999999,240764094000.0,221031770000.0,19732324000.0,7734152000.0,27359967000.0
ALLIANZ AYUDHYA,6,2025,4024.98010927,6.8329759223825,C:\Users\User\Desktop\LifeFS\data\TLAA\monthly\New_Business_Monthly_Report_on_JUNE_2025\T1.Premium(MTD).xlsx,False,21414.72402096,6.5571046417693,1943080.6829200007,26738.094559999263,1621252.8705,402275.1686900002,9682.618620000005,240764094000.0,221031770000.0,19732324000.0,7734152000.0,27359967000.0
ALLIANZ AYUDHYA,7,2025,3338.99640845,6.5726688106204,C:\Users\User\Desktop\LifeFS\data\TLAA\monthly\New_Business_Monthly_Report_on_JULY_2025\T1.Premium(MTD).xlsx,False,24753.72042941,6.5591997695372,1502382.9594699987,77588.89660000002,1128111.0457599994,404411.1773900001,10260.34891,240764094000.0,221031770000.0,19732324000.0,7734152000.0,27359967000.0
ALLIANZ AYUDHYA,8,2025,2957.17519229,5.9234812902656,C:\Users\User\Desktop\LifeFS\data\TLAA\monthly\New_Business_Monthly_Report_on_AUGUST_2025\T1.Premium(MTD).xlsx,False,27710.8956217,6.4849287280608,1443064.7457099997,66587.95391999988,1006294.524820001,406991.4969599999,10124.093529999998,240764094000.0,221031770000.0,19732324000.0,7734152000.0,27359967000.0
ALLIANZ AYUDHYA,9,2025,3441.22962341,5.9291662499735,C:\Users\User\Desktop\LifeFS\data\TLAA\monthly\New_Business_Monthly_Report_on_SEPTEMBER_2025\T1.Premium(MTD).xlsx,False,31152.12524511,6.4184698398216,1803917.3171800016,48727.2868600001,1113637.2713900018,411982.33648,9393.885930000004,240764094000.0,221031770000.0,19732324000.0,7734152000.0,27359967000.0
ALLIANZ AYUDHYA,10,2025,3007.63509,5.7671863386463,C:\Users\User\Desktop\LifeFS\data\TLAA\monthly\New_Business_Monthly_Report_on_OCTOBER_2025\T1.Premium(MTD).xlsx,False,34159.76033511,6.3552794445239,1728138.1393100005,57832.42990999987,777319.8817400009,409706.24696000025,9596.409500000016,240764094000.0,221031770000.0,19732324000.0,7734152000.0,27359967000.0
ALLIANZ AYUDHYA,11,2025,3092.58930852,5.4714541579062,C:\Users\User\Desktop\LifeFS\data\TLAA\monthly\New_Business_Monthly_Report_on_NOVEMBER_2025\T1.Premium(MTD).xlsx,False,37252.34964363,6.2711822210111,1808944.163669999,31487.19555999991,784839.3512799988,419169.8867300003,9595.382429999998,240764094000.0,221031770000.0,19732324000.0,7734152000.0,27359967000.0
ALLIANZ AYUDHYA,12,2025,5429.04123057,6.5821605222431,C:\Users\User\Desktop\LifeFS\data\TLAA\monthly\New_Business_Monthly_Report_on_DECEMBER_2025\T1.Premium(MTD).xlsx,False,42681.3908742,6.3090974276991,3505255.841070001,30040.388069999837,1429299.456769999,420426.1987099995,9390.85492,240764094000.0,221031770000.0,19732324000.0,7734152000.0,27359967000.0
BANGKOK LIFE,1,2025,3723.435,6.0868851183844,C:\Users\User\Desktop\LifeFS\data\TLAA\monthly\New_Business_Monthly_Report_on_JANUARY_2025\T1.Premium(MTD).xlsx,False,3723.435,6.0868851183844,1135924.0,579636.0,1685884.0,15045.0,10208.0,315955021000.0,260766084000.0,55188937000.0,6967640000.0,13234860000.0
BANGKOK LIFE,1,2026,3768.896,5.9175914115341,C:\Users\User\Desktop\LifeFS\data\TLAA\monthly\New_Business_Monthly_Report_on_JANUARY_2026\T1.Premium(MTD).xlsx,False,3768.896,5.9175914115341,1136584.0,477531.0,1803758.0,15257.0,21354.0,315955021000.0,260766084000.0,55188937000.0,6967640000.0,13234860000.0
BANGKOK LIFE,2,2025,2665.396,5.1824006345609,C:\Users\User\Desktop\LifeFS\data\TLAA\monthly\New_Business_Monthly_Report_on_FEBRUARY_2025\T1.Premium(MTD).xlsx,False,6388.831,5.6737601430968,1053478.0,63837.0,1510216.0,15005.0,7187.0,315955021000.0,260766084000.0,55188937000.0,6967640000.0,13234860000.0
BANGKOK LIFE,2,2026,2815.011,5.2961009926736,C:\Users\User\Desktop\LifeFS\data\TLAA\monthly\New_Business_Monthly_Report_on_FEBRUARY_2026\T1.Premium(MTD).xlsx,False,6583.907,5.6348701309492,1043248.0,136036.0,1591978.0,15444.0,13531.0,315955021000.0,260766084000.0,55188937000.0,6967640000.0,13234860000.0
BANGKOK LIFE,3,2025,2920.712,4.8048113398857,C:\Users\User\Desktop\LifeFS\data\TLAA\monthly\New_Business_Monthly_Report_on_MARCH_2025\T1.Premium(MTD).xlsx,False,9309.543,5.3691238485414,1294535.0,80216.0,1544218.0,15387.0,9168.0,315955021000.0,260766084000.0,55188937000.0,6967640000.0,13234860000.0
BANGKOK LIFE,3,2026,4089.551,6.3559853476489,C:\Users\User\Desktop\LifeFS\data\TLAA\monthly\New_Business_Monthly_Report_on_MARCH_2026 (1)\T1.Premium(MTD).xlsx,False,10673.458,5.8909513273733,1270186.0,46896.0,2708258.0,15551.0,14181.0,315955021000.0,260766084000.0,55188937000.0,6967640000.0,13234860000.0
BANGKOK LIFE,4,2025,2026.167,4.4505242228495,C:\Users\User\Desktop\LifeFS\data\TLAA\monthly\New_Business_Monthly_Report_on_APRIL_2025\T1.Premium(MTD).xlsx,False,11335.71,5.1780896286023,902376.0,186677.0,880894.0,14667.0,8370.0,315955021000.0,260766084000.0,55188937000.0,6967640000.0,13234860000.0
BANGKOK LIFE,5,2025,2151.684,4.41225873511,C:\Users\User\Desktop\LifeFS\data\TLAA\monthly\New_Business_Monthly_Report_on_MAY_2025\T1.Premium(MTD).xlsx,False,13487.394,5.0385717689545,1031933.0,58909.0,1002594.0,15112.0,10406.0,315955021000.0,260766084000.0,55188937000.0,6967640000.0,13234860000.0
BANGKOK LIFE,6,2025,2946.865,5.002722260698,C:\Users\User\Desktop\LifeFS\data\TLAA\monthly\New_Business_Monthly_Report_on_JUNE_2025\T1.Premium(MTD).xlsx,False,16434.259,5.0321057543149,1160058.0,52919.0,1699752.0,14904.0,11151.0,315955021000.0,260766084000.0,55188937000.0,6967640000.0,13234860000.0
BANGKOK LIFE,7,2025,2510.035,4.9408944305286,C:\Users\User\Desktop\LifeFS\data\TLAA\monthly\New_Business_Monthly_Report_on_JULY_2025\T1.Premium(MTD).xlsx,False,18944.294,5.0198275929146,874288.0,140436.0,1461179.0,14744.0,13062.0,315955021000.0,260766084000.0,55188937000.0,6967640000.0,13234860000.0
BANGKOK LIFE,8,2025,2736.247,5.4809427430284,C:\Users\User\Desktop\LifeFS\data\TLAA\monthly\New_Business_Monthly_Report_on_AUGUST_2025\T1.Premium(MTD).xlsx,False,21680.541,5.0736997132889,980518.0,144761.0,1570378.0,14959.0,15317.0,315955021000.0,260766084000.0,55188937000.0,6967640000.0,13234860000.0
BANGKOK LIFE,9,2025,4749.684,8.1836056156384,C:\Users\User\Desktop\LifeFS\data\TLAA\monthly\New_Business_Monthly_Report_on_SEPTEMBER_2025\T1.Premium(MTD).xlsx,False,26430.225,5.4455867998549,1467389.0,173025.0,3067877.0,14966.0,19692.0,315955021000.0,260766084000.0,55188937000.0,6967640000.0,13234860000.0
BANGKOK LIFE,10,2025,2367.349,4.5394279568696,C:\Users\User\Desktop\LifeFS\data\TLAA\monthly\New_Business_Monthly_Report_on_OCTOBER_2025\T1.Premium(MTD).xlsx,False,28797.574,5.3576672757346,1062326.0,109888.0,1145949.0,14920.0,20519.0,315955021000.0,260766084000.0,55188937000.0,6967640000.0,13234860000.0
BANGKOK LIFE,11,2025,2423.557,4.2877924294832,C:\Users\User\Desktop\LifeFS\data\TLAA\monthly\New_Business_Monthly_Report_on_NOVEMBER_2025\T1.Premium(MTD).xlsx,False,31221.131,5.2558671740197,1140125.0,52363.0,1155554.0,15975.0,54974.0,315955021000.0,260766084000.0,55188937000.0,6967640000.0,13234860000.0
BANGKOK LIFE,12,2025,3537.793,4.2892143256063,C:\Users\User\Desktop\LifeFS\data\TLAA\monthly\New_Business_Monthly_Report_on_DECEMBER_2025\T1.Premium(MTD).xlsx,False,34758.924,5.1380105827467,1917053.0,32342.0,1332344.0,15692.0,237047.0,315955021000.0,260766084000.0,55188937000.0,6967640000.0,13234860000.0
BUI LIFE,1,2025,30.554696,0.049949287252002,C:\Users\User\Desktop\LifeFS\data\TLAA\monthly\New_Business_Monthly_Report_on_JANUARY_2025\T1.Premium(MTD).xlsx,False,30.554696,0.049949287252002,0.0,0.0,0.0,0.0,0.0,556898020.0,113634095.0,443263925.0,5559462.0,63727644.0
BUI LIFE,1,2026,295.199864,0.46349705056665,C:\Users\User\Desktop\LifeFS\data\TLAA\monthly\New_Business_Monthly_Report_on_JANUARY_2026\T1.Premium(MTD).xlsx,False,295.199864,0.46349705056665,0.0,264216.638,0.0,0.0,0.0,556898020.0,113634095.0,443263925.0,5559462.0,63727644.0
BUI LIFE,2,2025,0.085891,0.0001670001654174,C:\Users\User\Desktop\LifeFS\data\TLAA\monthly\New_Business_Monthly_Report_on_FEBRUARY_2025\T1.Premium(MTD).xlsx,False,30.640587,0.027211134757155,0.0,0.0,0.0,0.0,0.0,556898020.0,113634095.0,443263925.0,5559462.0,63727644.0
BUI LIFE,2,2026,10.256509,0.019296374861862,C:\Users\User\Desktop\LifeFS\data\TLAA\monthly\New_Business_Monthly_Report_on_FEBRUARY_2026\T1.Premium(MTD).xlsx,False,305.456373,0.26142638292518,0.0,10187.155,0.0,0.0,0.0,556898020.0,113634095.0,443263925.0,5559462.0,63727644.0
BUI LIFE,3,2025,-0.018988,-3.1236820926455e-05,C:\Users\User\Desktop\LifeFS\data\TLAA\monthly\New_Business_Monthly_Report_on_MARCH_2025\T1.Premium(MTD).xlsx,False,30.621599,0.01766049713411,0.0,0.0,0.0,0.0,0.0,556898020.0,113634095.0,443263925.0,5559462.0,63727644.0
BUI LIFE,3,2026,9.442882,0.014676139173121,C:\Users\User\Desktop\LifeFS\data\TLAA\monthly\New_Business_Monthly_Report_on_MARCH_2026 (1)\T1.Premium(MTD).xlsx,False,314.899255,0.17380086043634,0.0,9305.863,0.0,0.0,0.0,556898020.0,113634095.0,443263925.0,5559462.0,63727644.0
BUI LIFE,4,2025,0.448141,0.0009843524130794,C:\Users\User\Desktop\LifeFS\data\TLAA\monthly\New_Business_Monthly_Report_on_APRIL_2025\T1.Premium(MTD).xlsx,False,31.06974,0.014192485380922,0.0,0.0,0.0,0.0,0.0,556898020.0,113634095.0,443263925.0,5559462.0,63727644.0
BUI LIFE,5,2025,0.053579,0.0001098694839802,C:\Users\User\Desktop\LifeFS\data\TLAA\monthly\New_Business_Monthly_Report_on_MAY_2025\T1.Premium(MTD).xlsx,False,31.123319,0.011626936713613,0.0,0.0,0.0,0.0,0.0,556898020.0,113634095.0,443263925.0,5559462.0,63727644.0
BUI LIFE,6,2025,0.082243,0.0001396191840775,C:\Users\User\Desktop\LifeFS\data\TLAA\monthly\New_Business_Monthly_Report_on_JUNE_2025\T1.Premium(MTD).xlsx,False,31.205562,0.0095550208930522,0.0,0.0,0.0,0.0,0.0,556898020.0,113634095.0,443263925.0,5559462.0,63727644.0
BUI LIFE,7,2025,0.15279792,0.0003007760417382,C:\Users\User\Desktop\LifeFS\data\TLAA\monthly\New_Business_Monthly_Report_on_JULY_2025\T1.Premium(MTD).xlsx,False,31.35835992,0.0083092861837428,0.0,0.0,0.0,0.0,0.0,556898020.0,113634095.0,443263925.0,5559462.0,63727644.0
BUI LIFE,8,2025,0.0466943,9.3532778556099e-05,C:\Users\User\Desktop\LifeFS\data\TLAA\monthly\New_Business_Monthly_Report_on_AUGUST_2025\T1.Premium(MTD).xlsx,False,31.40505422,0.007349439047293,0.0,0.0,0.0,0.0,0.0,556898020.0,113634095.0,443263925.0,5559462.0,63727644.0
BUI LIFE,9,2025,13.564561,0.023371453253157,C:\Users\User\Desktop\LifeFS\data\TLAA\monthly\New_Business_Monthly_Report_on_SEPTEMBER_2025\T1.Premium(MTD).xlsx,False,44.96961522,0.0092653748894149,0.0,0.0,0.0,0.0,0.0,556898020.0,113634095.0,443263925.0,5559462.0,63727644.0
BUI LIFE,10,2025,6.671706,0.012793098413633,C:\Users\User\Desktop\LifeFS\data\TLAA\monthly\New_Business_Monthly_Report_on_OCTOBER_2025\T1.Premium(MTD).xlsx,False,51.64132122,0.0096076501713683,0.0,5055.5,0.0,0.0,0.0,556898020.0,113634095.0,443263925.0,5559462.0,63727644.0
BUI LIFE,11,2025,5.338393,0.009444762838673,C:\Users\User\Desktop\LifeFS\data\TLAA\monthly\New_Business_Monthly_Report_on_NOVEMBER_2025\T1.Premium(MTD).xlsx,False,56.97971422,0.0095921512117521,0.0,5096.0,0.0,0.0,0.0,556898020.0,113634095.0,443263925.0,5559462.0,63727644.0
BUI LIFE,12,2025,36.557235,0.044321930668797,C:\Users\User\Desktop\LifeFS\data\TLAA\monthly\New_Business_Monthly_Report_on_DECEMBER_2025\T1.Premium(MTD).xlsx,False,93.53694922,0.013826487694792,0.0,36402.578,0.0,0.0,0.0,556898020.0,113634095.0,443263925.0,5559462.0,63727644.0
CHUBB LIFE,1,2025,597.656831,0.97701946469178,C:\Users\User\Desktop\LifeFS\data\TLAA\monthly\New_Business_Monthly_Report_on_JANUARY_2025\T1.Premium(MTD).xlsx,False,597.656831,0.97701946469178,237173.90559,351248.79178,-2293.9893200000024,5019.219769999999,20.0,,,,592796899.0,5453009568.0
CHUBB LIFE,1,2026,656.46462604,1.030723435465,C:\Users\User\Desktop\LifeFS\data\TLAA\monthly\New_Business_Monthly_Report_on_JANUARY_2026\T1.Premium(MTD).xlsx,False,656.46462604,1.030723435465,263163.83461,382875.15396,-2088.1921100000072,8113.72014,206.0,,,,592796899.0,5453009568.0
CHUBB LIFE,2,2025,619.72012529,1.2049383921012,C:\Users\User\Desktop\LifeFS\data\TLAA\monthly\New_Business_Monthly_Report_on_FEBRUARY_2025\T1.Premium(MTD).xlsx,False,1217.37695629,1.0811218599651,284174.93696,325111.29293377,2531.159559999991,5438.24693,158.0,,,,592796899.0,5453009568.0
CHUBB LIFE,2,2026,667.00573465,1.2548902058993,C:\Users\User\Desktop\LifeFS\data\TLAA\monthly\New_Business_Monthly_Report_on_FEBRUARY_2026\T1.Premium(MTD).xlsx,False,1323.47036069,1.1326988070531,300560.05623,354541.14610000007,1387.8520200000132,9074.89846,-77.0,,,,592796899.0,5453009568.0
CHUBB LIFE,3,2025,811.46230453,1.3349221979762,C:\Users\User\Desktop\LifeFS\data\TLAA\monthly\New_Business_Monthly_Report_on_MARCH_2025\T1.Premium(MTD).xlsx,False,2028.83926082,1.170099247635,430806.08677000005,367505.00539000006,4709.052489999976,5434.6426200000005,22.43,,,,592796899.0,5453009568.0
CHUBB LIFE,3,2026,903.42460029,1.4041036588488,C:\Users\User\Desktop\LifeFS\data\TLAA\monthly\New_Business_Monthly_Report_on_MARCH_2026 (1)\T1.Premium(MTD).xlsx,False,2226.89496098,1.2290796315783,509296.07162,379231.5228399999,3378.383300000069,9137.54035,105.0,,,,592796899.0,5453009568.0
CHUBB LIFE,4,2025,636.63449045,1.3983828681689,C:\Users\User\Desktop\LifeFS\data\TLAA\monthly\New_Business_Monthly_Report_on_APRIL_2025\T1.Premium(MTD).xlsx,False,2665.47375127,1.217573666472,236934.49461,388128.33962,245.94680999999449,5844.531419999999,33.0,,,,592796899.0,5453009568.0
CHUBB LIFE,5,2025,691.60594856,1.4182121481537,C:\Users\User\Desktop\LifeFS\data\TLAA\monthly\New_Business_Monthly_Report_on_MAY_2025\T1.Premium(MTD).xlsx,False,3357.07969983,1.2541256673968,288398.8510399999,380448.0562899999,573.3769300000686,5967.54242,50.23,,,,592796899.0,5453009568.0
CHUBB LIFE,6,2025,781.91402034,1.3274102055937,C:\Users\User\Desktop\LifeFS\data\TLAA\monthly\New_Business_Monthly_Report_on_JUNE_2025\T1.Premium(MTD).xlsx,False,4138.99372017,1.2673436700943,391228.9527700001,364336.62564,5407.656179999952,6412.05703,25.0,,,,592796899.0,5453009568.0
CHUBB LIFE,7,2025,699.85960197,1.3776431043892,C:\Users\User\Desktop\LifeFS\data\TLAA\monthly\New_Business_Monthly_Report_on_JULY_2025\T1.Premium(MTD).xlsx,False,4838.85332214,1.2821913249734,298304.66801,389138.9359200001,1960.1376300000256,7149.73603,10.0,,,,592796899.0,5453009568.0
CHUBB LIFE,8,2025,747.80039626,1.4979097848677,C:\Users\User\Desktop\LifeFS\data\TLAA\monthly\New_Business_Monthly_Report_on_AUGUST_2025\T1.Premium(MTD).xlsx,False,5586.6537184,1.307393730133,351539.84203,387918.1507199998,784.8730299999834,5828.12503,32.0,,,,592796899.0,5453009568.0
CHUBB LIFE,9,2025,822.52074372,1.4171859385353,C:\Users\User\Desktop\LifeFS\data\TLAA\monthly\New_Business_Monthly_Report_on_SEPTEMBER_2025\T1.Premium(MTD).xlsx,False,6409.17446212,1.3205228426503,395308.07564,416768.40259000007,3164.216919999968,7181.41003,162.0,,,,592796899.0,5453009568.0
CHUBB LIFE,10,2025,800.05460437,1.5341169544919,C:\Users\User\Desktop\LifeFS\data\TLAA\monthly\New_Business_Monthly_Report_on_OCTOBER_2025\T1.Premium(MTD).xlsx,False,7209.22906649,1.3412466846273,350084.42010999995,440151.4673399999,-308.74911999995174,6868.62603,20.0,,,,592796899.0,5453009568.0
CHUBB LIFE,11,2025,777.06500045,1.3747947443142,C:\Users\User\Desktop\LifeFS\data\TLAA\monthly\New_Business_Monthly_Report_on_NOVEMBER_2025\T1.Premium(MTD).xlsx,False,7986.29406694,1.3444388298585,373402.74026,390404.2700200004,4049.409429999953,6905.483029999999,915.4,,,,592796899.0,5453009568.0
CHUBB LIFE,12,2025,1236.20036077,1.4987672531248,C:\Users\User\Desktop\LifeFS\data\TLAA\monthly\New_Business_Monthly_Report_on_DECEMBER_2025\T1.Premium(MTD).xlsx,False,9222.49442771,1.363254914591,801544.60372,407775.72581,15155.005340000092,7925.44653,3026.26,,,,592796899.0,5453009568.0
DHIPAYA LIFE,1,2025,451.57624667,0.73821423918277,C:\Users\User\Desktop\LifeFS\data\TLAA\monthly\New_Business_Monthly_Report_on_JANUARY_2025\T1.Premium(MTD).xlsx,False,451.57624667,0.73821423918277,100342.97190570144,110020.1217642986,241151.074,0.0,62.07899999999999,,,,,
DHIPAYA LIFE,1,2026,655.8631792,1.0297790961532,C:\Users\User\Desktop\LifeFS\data\TLAA\monthly\New_Business_Monthly_Report_on_JANUARY_2026\T1.Premium(MTD).xlsx,False,655.8631792,1.0297790961532,109020.21416795632,155863.33946754897,391217.6795644947,0.0,-238.054,,,,,
DHIPAYA LIFE,2,2025,465.77840777,0.90562539899962,C:\Users\User\Desktop\LifeFS\data\TLAA\monthly\New_Business_Monthly_Report_on_FEBRUARY_2025\T1.Premium(MTD).xlsx,False,917.35465444,0.81467959873192,27432.123441985663,55622.66371974267,381958.9296082716,0.0,764.6909999999999,,,,,
DHIPAYA LIFE,2,2026,518.50920659,0.97551204017735,C:\Users\User\Desktop\LifeFS\data\TLAA\monthly\New_Business_Monthly_Report_on_FEBRUARY_2026\T1.Premium(MTD).xlsx,False,1174.37238579,1.005092550563,30640.93660415881,41667.30158847546,445758.88939736574,0.0,442.079,,,,,
DHIPAYA LIFE,3,2025,966.09778,1.5893102670795,C:\Users\User\Desktop\LifeFS\data\TLAA\monthly\New_Business_Monthly_Report_on_MARCH_2025\T1.Premium(MTD).xlsx,False,1883.45243444,1.0862498173482,69505.11143160472,131414.6972183953,764720.3400000001,0.0,457.629,,,,,
DHIPAYA LIFE,3,2026,789.78328119,1.2274821766648,C:\Users\User\Desktop\LifeFS\data\TLAA\monthly\New_Business_Monthly_Report_on_MARCH_2026 (1)\T1.Premium(MTD).xlsx,False,1964.15566698,1.0840671723788,82515.42137613805,29127.844234607543,677214.4985792543,0.0,925.517,,,,,
DHIPAYA LIFE,4,2025,385.25703534,0.84622628233697,C:\Users\User\Desktop\LifeFS\data\TLAA\monthly\New_Business_Monthly_Report_on_APRIL_2025\T1.Premium(MTD).xlsx,False,2268.70946978,1.0363339372461,68804.99242206535,45750.872705524125,270125.74521241046,0.0,575.425,,,,,
DHIPAYA LIFE,5,2025,478.02859532,0.98024888660836,C:\Users\User\Desktop\LifeFS\data\TLAA\monthly\New_Business_Monthly_Report_on_MAY_2025\T1.Premium(MTD).xlsx,False,2746.7380651,1.0261164515195,44419.93681002522,25374.08521691933,407889.35429305554,0.0,345.219,,,,,
DHIPAYA LIFE,6,2025,700.59789066,1.1893645156472,C:\Users\User\Desktop\LifeFS\data\TLAA\monthly\New_Business_Monthly_Report_on_JUNE_2025\T1.Premium(MTD).xlsx,False,3447.33595576,1.0555607709503,24685.50881499344,30453.91814317924,644408.5987018273,0.0,1049.865,,,,,
DHIPAYA LIFE,7,2025,655.72930169,1.2907745328868,C:\Users\User\Desktop\LifeFS\data\TLAA\monthly\New_Business_Monthly_Report_on_JULY_2025\T1.Premium(MTD).xlsx,False,4103.06525745,1.087223424366,106494.39028062494,105814.82575076108,443145.177658614,0.0,274.908,,,,,
DHIPAYA LIFE,8,2025,633.88298216,1.2697232124874,C:\Users\User\Desktop\LifeFS\data\TLAA\monthly\New_Business_Monthly_Report_on_AUGUST_2025\T1.Premium(MTD).xlsx,False,4736.94823961,1.1085448894091,40656.25806796267,117875.10859203734,473975.8245,0.0,1375.7910000000002,,,,,
DHIPAYA LIFE,9,2025,605.38636893,1.0430679785027,C:\Users\User\Desktop\LifeFS\data\TLAA\monthly\New_Business_Monthly_Report_on_SEPTEMBER_2025\T1.Premium(MTD).xlsx,False,5342.33460854,1.1007150648424,27706.02462674525,56005.793342344405,520791.5819609104,0.0,882.9689999999999,,,,,
DHIPAYA LIFE,10,2025,620.20444713,1.189251524079,C:\Users\User\Desktop\LifeFS\data\TLAA\monthly\New_Business_Monthly_Report_on_OCTOBER_2025\T1.Premium(MTD).xlsx,False,5962.53905567,1.1093052622715,80574.83593314837,76146.1530480343,462324.2591488173,0.0,1159.199,,,,,
DHIPAYA LIFE,11,2025,785.14436981,1.3890888825485,C:\Users\User\Desktop\LifeFS\data\TLAA\monthly\New_Business_Monthly_Report_on_NOVEMBER_2025\T1.Premium(MTD).xlsx,False,6747.68342548,1.1359270686465,36962.31188148822,59753.701255069805,685731.2976734418,0.0,2697.059,,,,,
DHIPAYA LIFE,12,2025,1276.32479463,1.5474140497348,C:\Users\User\Desktop\LifeFS\data\TLAA\monthly\New_Business_Monthly_Report_on_DECEMBER_2025\T1.Premium(MTD).xlsx,False,8024.00822011,1.1860965302312,82612.6402268758,26896.401167506687,1136767.2632356174,0.0,30048.49,,,,,
FWD,1,2025,11558.4330772,18.895147703518,C:\Users\User\Desktop\LifeFS\data\TLAA\monthly\New_Business_Monthly_Report_on_JANUARY_2025\T1.Premium(MTD).xlsx,False,11558.4330772,18.895147703518,759485.37534,297600.10464,9752682.88125,42322.26499,32508.4586,,,,,
FWD,1,2026,10968.35581976,17.221554587248,C:\Users\User\Desktop\LifeFS\data\TLAA\monthly\New_Business_Monthly_Report_on_JANUARY_2026\T1.Premium(MTD).xlsx,False,10968.35581976,17.221554587248,778098.92625,289961.58472,9617578.33957,49329.33565,42501.50726,,,,,
FWD,2,2025,7527.36532716,14.635657458796,C:\Users\User\Desktop\LifeFS\data\TLAA\monthly\New_Business_Monthly_Report_on_FEBRUARY_2025\T1.Premium(MTD).xlsx,False,19085.79840436,16.949617588232,886086.9819100001,296965.21049,6256576.2360000005,42949.924580000006,36580.86528,,,,,
FWD,2,2026,7436.23847414,13.990378710652,C:\Users\User\Desktop\LifeFS\data\TLAA\monthly\New_Business_Monthly_Report_on_FEBRUARY_2026\T1.Premium(MTD).xlsx,False,18404.5942939,15.751665182837,1063152.29103,294327.7682,5969723.31598,59072.86117,42576.1309,,,,,
FWD,3,2025,9007.33450345,14.817805714607,C:\Users\User\Desktop\LifeFS\data\TLAA\monthly\New_Business_Monthly_Report_on_MARCH_2025\T1.Premium(MTD).xlsx,False,28093.13290781,16.202246434177,1177445.4662,311751.00463,7467150.83282,41292.39374,38397.23831999999,,,,,
FWD,3,2026,8527.48974351,13.253435367838,C:\Users\User\Desktop\LifeFS\data\TLAA\monthly\New_Business_Monthly_Report_on_MARCH_2026 (1)\T1.Premium(MTD).xlsx,False,26932.08403741,14.864498104467,1087437.01689,290413.48822,7026061.081959999,62021.01972,44952.5972,,,,,
FWD,4,2025,5419.39432246,11.903829104551,C:\Users\User\Desktop\LifeFS\data\TLAA\monthly\New_Business_Monthly_Report_on_APRIL_2025\T1.Premium(MTD).xlsx,False,33512.52723027,15.308337076311,748149.48563,284571.59357,4302919.043889999,39923.86418,30071.1097,,,,,
FWD,5,2025,6375.2451312,13.073123664351,C:\Users\User\Desktop\LifeFS\data\TLAA\monthly\New_Business_Monthly_Report_on_MAY_2025\T1.Premium(MTD).xlsx,False,39887.77236147,14.901129435901,955876.0797,284642.45145,5046640.70423,40617.230200000005,33538.79051,,,,,
FWD,6,2025,8582.31132337,14.569693523681,C:\Users\User\Desktop\LifeFS\data\TLAA\monthly\New_Business_Monthly_Report_on_JUNE_2025\T1.Premium(MTD).xlsx,False,48470.08368484,14.841349830413,1125277.0717999998,314169.33546999993,7056573.5809700005,40125.8129,36252.72504,,,,,
FWD,7,2025,6523.33132522,12.840893219924,C:\Users\User\Desktop\LifeFS\data\TLAA\monthly\New_Business_Monthly_Report_on_JULY_2025\T1.Premium(MTD).xlsx,False,54993.41501006,14.57206386768,831606.44186,317121.8293500001,5298813.463919999,39657.07174,31408.6886,,,,,
FWD,8,2025,7208.51686946,14.439291563833,C:\Users\User\Desktop\LifeFS\data\TLAA\monthly\New_Business_Monthly_Report_on_AUGUST_2025\T1.Premium(MTD).xlsx,False,62201.93187952,14.556552068656,958342.7233699998,309042.23431,5824089.357630001,42096.00817,33044.84566,,,,,
FWD,9,2025,8168.03902455,14.073359412976,C:\Users\User\Desktop\LifeFS\data\TLAA\monthly\New_Business_Monthly_Report_on_SEPTEMBER_2025\T1.Premium(MTD).xlsx,False,70369.97090407,14.498771185693,1193178.4143500002,311511.33939000004,6575296.93507,41417.18478,40640.36621,,,,,
FWD,10,2025,6529.12472844,12.51969664218,C:\Users\User\Desktop\LifeFS\data\TLAA\monthly\New_Business_Monthly_Report_on_OCTOBER_2025\T1.Premium(MTD).xlsx,False,76899.09563251,14.306752652285,990244.02702,323863.13503,5118313.19523,41884.43135,45919.16267000001,,,,,
FWD,11,2025,6458.21284634,11.425964460719,C:\Users\User\Desktop\LifeFS\data\TLAA\monthly\New_Business_Monthly_Report_on_NOVEMBER_2025\T1.Premium(MTD).xlsx,False,83357.30847885,14.032641589718,1078907.01829,339810.81865000003,4889931.902090001,42656.71707,101280.2886,,,,,
FWD,12,2025,6387.79101841,7.7445471640492,C:\Users\User\Desktop\LifeFS\data\TLAA\monthly\New_Business_Monthly_Report_on_DECEMBER_2025\T1.Premium(MTD).xlsx,False,89745.09949726,13.265982311955,1877643.7666,487578.05238,3470934.34916,46531.2432,499014.68417,,,,,
GT,1,2025,2091.82726179,3.4196144769602,C:\Users\User\Desktop\LifeFS\data\TLAA\monthly\New_Business_Monthly_Report_on_JANUARY_2025\T1.Premium(MTD).xlsx,False,2091.82726179,3.4196144769602,43577.34077000001,925791.50029,352279.612320009,58422.49978,0.0,,,,,
GT,1,2026,2589.04199464,4.0650876733088,C:\Users\User\Desktop\LifeFS\data\TLAA\monthly\New_Business_Monthly_Report_on_JANUARY_2026\T1.Premium(MTD).xlsx,False,2589.04199464,4.0650876733088,60138.467240000005,1056756.7124900003,592227.3817299999,57851.3193,0.0,,,,,
GT,2,2025,906.35107024,1.7622425941761,C:\Users\User\Desktop\LifeFS\data\TLAA\monthly\New_Business_Monthly_Report_on_FEBRUARY_2025\T1.Premium(MTD).xlsx,False,2998.17833203,2.6626067776982,53691.91257,402044.71987,353925.0579,57896.69148,0.0,,,,,
GT,2,2026,1119.19683458,2.1056327902862,C:\Users\User\Desktop\LifeFS\data\TLAA\monthly\New_Business_Monthly_Report_on_FEBRUARY_2026\T1.Premium(MTD).xlsx,False,3708.23882922,3.1737149715508,55626.14086,428421.43252999993,529209.2169199998,58385.084350000005,0.0,,,,,
GT,3,2025,775.53234238,1.275814456583,C:\Users\User\Desktop\LifeFS\data\TLAA\monthly\New_Business_Monthly_Report_on_MARCH_2025\T1.Premium(MTD).xlsx,False,3773.71067441,2.1764247696659,68180.67281,301669.30507,326573.8524099997,58409.30144,0.0,,,,,
GT,3,2026,1087.6255778,1.690389051567,C:\Users\User\Desktop\LifeFS\data\TLAA\monthly\New_Business_Monthly_Report_on_MARCH_2026 (1)\T1.Premium(MTD).xlsx,False,4795.86440702,2.6469588201347,81296.45736000001,373703.95637999993,523498.9590099997,60611.90939,0.0,,,,,
GT,4,2025,1023.50698044,2.2481575352396,C:\Users\User\Desktop\LifeFS\data\TLAA\monthly\New_Business_Monthly_Report_on_APRIL_2025\T1.Premium(MTD).xlsx,False,4797.21765485,2.1913424906536,55111.30777000001,436358.96858,410817.0715900002,56836.1889,0.0,,,,,
GT,5,2025,1048.52553238,2.1501140219612,C:\Users\User\Desktop\LifeFS\data\TLAA\monthly\New_Business_Monthly_Report_on_MAY_2025\T1.Premium(MTD).xlsx,False,5845.74318723,2.1838315535036,54501.79088000001,332960.9294,557676.6399799997,57700.82669,0.0,,,,,
GT,6,2025,1351.19428455,2.2938443823678,C:\Users\User\Desktop\LifeFS\data\TLAA\monthly\New_Business_Monthly_Report_on_JUNE_2025\T1.Premium(MTD).xlsx,False,7196.93747178,2.2036740728735,87434.84952999999,409529.71751,724943.0450599997,57211.14933000001,0.0,,,,,
GT,7,2025,1537.575730697,3.0266507695378,C:\Users\User\Desktop\LifeFS\data\TLAA\monthly\New_Business_Monthly_Report_on_JULY_2025\T1.Premium(MTD).xlsx,False,8734.513202477,2.3144568166262,50350.818656,799069.2934630001,492585.1451760003,55596.47706599999,0.0,,,,,
GT,8,2025,980.223733963,1.9634741166308,C:\Users\User\Desktop\LifeFS\data\TLAA\monthly\New_Business_Monthly_Report_on_AUGUST_2025\T1.Premium(MTD).xlsx,False,9714.73693644,2.2734514793285,74041.645064,330306.491747,480533.6705940002,55790.63605400001,0.0,,,,,
GT,9,2025,1171.46228437,2.0184048725934,C:\Users\User\Desktop\LifeFS\data\TLAA\monthly\New_Business_Monthly_Report_on_SEPTEMBER_2025\T1.Premium(MTD).xlsx,False,10886.19922081,2.2429526338665,89105.6833,369364.67409,628270.0723799997,56579.49616,0.0,,,,,
GT,10,2025,1178.28095568,2.2593717746141,C:\Users\User\Desktop\LifeFS\data\TLAA\monthly\New_Business_Monthly_Report_on_OCTOBER_2025\T1.Premium(MTD).xlsx,False,12064.48017649,2.2445456912561,68516.90994000001,378772.17775,596680.3177499998,55516.87694,0.0,,,,,
GT,11,2025,1236.76676504,2.1881058180909,C:\Users\User\Desktop\LifeFS\data\TLAA\monthly\New_Business_Monthly_Report_on_NOVEMBER_2025\T1.Premium(MTD).xlsx,False,13301.24694153,2.2391753576614,78400.58046000001,280098.96482999995,791164.8748799999,57939.22899,0.0,,,,,
GT,12,2025,1384.21162823,1.6782158666363,C:\Users\User\Desktop\LifeFS\data\TLAA\monthly\New_Business_Monthly_Report_on_DECEMBER_2025\T1.Premium(MTD).xlsx,False,14685.45856976,2.1707818557305,131122.41378,397427.9446900001,764085.8437800003,62470.87079,0.0,,,,,
KRUNGTHAI AXA,1,2025,4002.38190845,6.5428935584038,C:\Users\User\Desktop\LifeFS\data\TLAA\monthly\New_Business_Monthly_Report_on_JANUARY_2025\T1.Premium(MTD).xlsx,False,4002.38190845,6.5428935584038,1665185.16877,214444.33392000003,2091887.00231,0.0,591.9289100000001,315398630000.0,283611882000.0,31786748000.0,8004580000.0,25020989000.0
KRUNGTHAI AXA,1,2026,4255.80834004,6.6820986522727,C:\Users\User\Desktop\LifeFS\data\TLAA\monthly\New_Business_Monthly_Report_on_JANUARY_2026\T1.Premium(MTD).xlsx,False,4255.80834004,6.6820986522727,1728456.92151,226026.01060000004,2235011.2231,660.0788299999999,648.6912399999999,315398630000.0,283611882000.0,31786748000.0,8004580000.0,25020989000.0
KRUNGTHAI AXA,2,2025,4010.89261879,7.7984856482012,C:\Users\User\Desktop\LifeFS\data\TLAA\monthly\New_Business_Monthly_Report_on_FEBRUARY_2025\T1.Premium(MTD).xlsx,False,8013.27452724,7.1163875877054,1934590.46001,184444.43097999995,1885473.40347,0.0,496.99268,315398630000.0,283611882000.0,31786748000.0,8004580000.0,25020989000.0
KRUNGTHAI AXA,2,2026,4158.64769505,7.8239900966404,C:\Users\User\Desktop\LifeFS\data\TLAA\monthly\New_Business_Monthly_Report_on_FEBRUARY_2026\T1.Premium(MTD).xlsx,False,8414.45603509,7.2015547881089,1867129.8157,78561.79435000003,2203128.19213,866.993,558.06948,315398630000.0,283611882000.0,31786748000.0,8004580000.0,25020989000.0
KRUNGTHAI AXA,3,2025,4877.69767804,8.0242136561156,C:\Users\User\Desktop\LifeFS\data\TLAA\monthly\New_Business_Monthly_Report_on_MARCH_2025\T1.Premium(MTD).xlsx,False,12890.97220528,7.4346534838771,2308119.45708,209720.11626999997,2348782.44018,0.0,439.2473399999999,315398630000.0,283611882000.0,31786748000.0,8004580000.0,25020989000.0
KRUNGTHAI AXA,3,2026,5178.08995273,8.0477939676898,C:\Users\User\Desktop\LifeFS\data\TLAA\monthly\New_Business_Monthly_Report_on_MARCH_2026 (1)\T1.Premium(MTD).xlsx,False,13592.54598782,7.5020697911896,2340284.38537,213061.86134,2600529.0831499994,1136.58433,637.2448499999999,315398630000.0,283611882000.0,31786748000.0,8004580000.0,25020989000.0
KRUNGTHAI AXA,4,2025,3094.56973256,6.7972963502293,C:\Users\User\Desktop\LifeFS\data\TLAA\monthly\New_Business_Monthly_Report_on_APRIL_2025\T1.Premium(MTD).xlsx,False,15985.54193784,7.3021071389367,1818436.92496,82050.99453000003,1184490.09167,0.0,362.3876000000001,315398630000.0,283611882000.0,31786748000.0,8004580000.0,25020989000.0
KRUNGTHAI AXA,5,2025,3676.98087704,7.5400435164049,C:\Users\User\Desktop\LifeFS\data\TLAA\monthly\New_Business_Monthly_Report_on_MAY_2025\T1.Premium(MTD).xlsx,False,19662.52281488,7.3454540114628,2105124.6718800003,113644.41936,1445977.1513799997,0.0,473.4246700000001,315398630000.0,283611882000.0,31786748000.0,8004580000.0,25020989000.0
KRUNGTHAI AXA,6,2025,4034.70892384,6.849491968153,C:\Users\User\Desktop\LifeFS\data\TLAA\monthly\New_Business_Monthly_Report_on_JUNE_2025\T1.Premium(MTD).xlsx,False,23697.23173872,7.2559995673518,2201624.90342,100505.79295999998,1722056.3401500003,0.0,527.0002699999997,315398630000.0,283611882000.0,31786748000.0,8004580000.0,25020989000.0
KRUNGTHAI AXA,7,2025,3628.21188587,7.141976864734,C:\Users\User\Desktop\LifeFS\data\TLAA\monthly\New_Business_Monthly_Report_on_JULY_2025\T1.Premium(MTD).xlsx,False,27325.44362459,7.2406507149513,2000725.0892100008,158843.84576,1458578.17543,0.0,438.5400600000003,315398630000.0,283611882000.0,31786748000.0,8004580000.0,25020989000.0
KRUNGTHAI AXA,8,2025,3617.61298537,7.2463961182046,C:\Users\User\Desktop\LifeFS\data\TLAA\monthly\New_Business_Monthly_Report_on_AUGUST_2025\T1.Premium(MTD).xlsx,False,30943.05660996,7.2413219508792,2079443.2270657672,65013.13579712135,1463477.584204078,0.0,366.30244,315398630000.0,283611882000.0,31786748000.0,8004580000.0,25020989000.0
KRUNGTHAI AXA,9,2025,3944.34578791,6.7960248176426,C:\Users\User\Desktop\LifeFS\data\TLAA\monthly\New_Business_Monthly_Report_on_SEPTEMBER_2025\T1.Premium(MTD).xlsx,False,34887.40239787,7.1880726697963,2200502.5925099994,100597.06366,1631110.2006899996,0.0,572.7056099999999,315398630000.0,283611882000.0,31786748000.0,8004580000.0,25020989000.0
KRUNGTHAI AXA,10,2025,3880.05466215,7.4400642269247,C:\Users\User\Desktop\LifeFS\data\TLAA\monthly\New_Business_Monthly_Report_on_OCTOBER_2025\T1.Premium(MTD).xlsx,False,38767.45706002,7.2125220011212,2177877.0229200004,252640.54288000005,1436970.37106,0.0,538.4358599999999,315398630000.0,283611882000.0,31786748000.0,8004580000.0,25020989000.0
KRUNGTHAI AXA,11,2025,3844.09661337,6.8010318540103,C:\Users\User\Desktop\LifeFS\data\TLAA\monthly\New_Business_Monthly_Report_on_NOVEMBER_2025\T1.Premium(MTD).xlsx,False,42611.55367339,7.1733681328184,2425517.24688,97064.12302000004,1304152.60547,248.3309,533.4892100000001,315398630000.0,283611882000.0,31786748000.0,8004580000.0,25020989000.0
KRUNGTHAI AXA,12,2025,6606.78158397,8.0100509600521,C:\Users\User\Desktop\LifeFS\data\TLAA\monthly\New_Business_Monthly_Report_on_DECEMBER_2025\T1.Premium(MTD).xlsx,False,49218.33525736,7.2753784730934,3847682.07895,74524.32831000001,2651526.31368,513.22384,720.7167400000001,315398630000.0,283611882000.0,31786748000.0,8004580000.0,25020989000.0
KWI,1,2025,11.31572522,0.018498381050118,C:\Users\User\Desktop\LifeFS\data\TLAA\monthly\New_Business_Monthly_Report_on_JANUARY_2025\T1.Premium(MTD).xlsx,False,11.31572522,0.018498381050118,3404.1695400000003,4897.729429999998,0.0,1725.0214999999998,1111.77725,,,,,
KWI,1,2026,,,"C:\Users\User\Desktop\LifeFS\data\TLAA\static_by_channel\(Revise)รายงานการรับประกันชีวิตแยกตามช่องทาง (รูปแบบใหม่) ม.ค.69\T2.เบี้ยประกันภัยรับรวมแยกตามช่องทาง (MTD,YTD).1.26.xlsx",False,,,0.0,0.0,0.0,0.0,0.0,,,,,
KWI,2,2025,12.68384778,0.02466154401963,C:\Users\User\Desktop\LifeFS\data\TLAA\monthly\New_Business_Monthly_Report_on_FEBRUARY_2025\T1.Premium(MTD).xlsx,False,23.999573,0.021313417233723,8907.51088,500.86709,0.0,2097.85631,998.7175,,,,,
KWI,2,2026,,,"C:\Users\User\Desktop\LifeFS\data\TLAA\static_by_channel\รายงานการรับประกันชีวิตแยกตามช่องทาง (รูปแบบใหม่)ก.พ.69\T2.เบี้ยประกันภัยรับรวมแยกตามช่องทาง (MTD,YTD)2.26.xlsx",False,,,0.0,0.0,0.0,0.0,0.0,,,,,
KWI,3,2025,21.12050096,0.034744960309909,C:\Users\User\Desktop\LifeFS\data\TLAA\monthly\New_Business_Monthly_Report_on_MARCH_2025\T1.Premium(MTD).xlsx,False,45.12007396,0.026022251054277,18995.36759,-1984.8238799999992,0.0,3332.163,623.05025,,,,,
KWI,3,2026,,,"C:\Users\User\Desktop\LifeFS\data\TLAA\static_by_channel\(Revise)รายงานการรับประกันชีวิตแยกตามช่องทาง (รูปแบบใหม่)มี.ค.69\T2.เบี้ยประกันภัยรับรวมแยกตามช่องทาง (MTD,YTD)3.26.xlsx",False,,,0.0,0.0,0.0,0.0,0.0,,,,,
KWI,4,2025,11.23225558,0.024671917732362,C:\Users\User\Desktop\LifeFS\data\TLAA\monthly\New_Business_Monthly_Report_on_APRIL_2025\T1.Premium(MTD).xlsx,False,56.35232954,0.025741432441255,4887.13218,3242.202199999998,0.0,2237.62145,696.96275,,,,,
KWI,5,2025,21.64196544,0.044379170481162,C:\Users\User\Desktop\LifeFS\data\TLAA\monthly\New_Business_Monthly_Report_on_MAY_2025\T1.Premium(MTD).xlsx,False,77.99429498,0.029136826048512,19026.61094,262.3221000000003,0.0,1643.1454000000003,555.143,,,,,
KWI,6,2025,30.36264696,0.051544909536238,C:\Users\User\Desktop\LifeFS\data\TLAA\monthly\New_Business_Monthly_Report_on_JUNE_2025\T1.Premium(MTD).xlsx,False,108.35694194,0.033178471329692,21647.783740000003,5243.10597,0.0,2655.4695,644.1207499999999,,,,,
KWI,7,2025,35.22292073,0.069334783324458,C:\Users\User\Desktop\LifeFS\data\TLAA\monthly\New_Business_Monthly_Report_on_JULY_2025\T1.Premium(MTD).xlsx,False,143.57986267,0.038045553791435,15484.380860000005,5191.38237,0.0,13937.9245,454.35375,,,,,
KWI,8,2025,23.73195026,0.047537177950477,C:\Users\User\Desktop\LifeFS\data\TLAA\monthly\New_Business_Monthly_Report_on_AUGUST_2025\T1.Premium(MTD).xlsx,False,167.31181293,0.039154461011503,7888.127290360648,4118.451362011943,0.0,8892.687357627405,2678.54775,,,,,
KWI,9,2025,30.13028258,0.051913843051971,C:\Users\User\Desktop\LifeFS\data\TLAA\monthly\New_Business_Monthly_Report_on_SEPTEMBER_2025\T1.Premium(MTD).xlsx,False,197.44209551,0.040680246537627,11763.625110000004,3019.86022,0.0,10595.2135,4596.930000000001,,,,,
KWI,10,2025,17.93002294,0.034381093535913,C:\Users\User\Desktop\LifeFS\data\TLAA\monthly\New_Business_Monthly_Report_on_OCTOBER_2025\T1.Premium(MTD).xlsx,False,215.37211845,0.040069074954897,3257.04021,958.7872299999996,0.0,9190.49425,4369.842,,,,,
KWI,11,2025,17.96210305,0.031778814971295,C:\Users\User\Desktop\LifeFS\data\TLAA\monthly\New_Business_Monthly_Report_on_NOVEMBER_2025\T1.Premium(MTD).xlsx,False,233.3342215,0.039280245016021,5255.71304,463.81908000000016,0.0,9187.04943,2898.8885,,,,,
KWI,12,2025,58.6131893,0.071062532831918,C:\Users\User\Desktop\LifeFS\data\TLAA\monthly\New_Business_Monthly_Report_on_DECEMBER_2025\T1.Premium(MTD).xlsx,False,291.9474108,0.043155216378271,13740.065649999997,9000.51515,0.0,24689.949,11002.48425,,,,,
MUANG THAI LIFE,1,2025,6963.10960517,11.382942963524,C:\Users\User\Desktop\LifeFS\data\TLAA\monthly\New_Business_Monthly_Report_on_JANUARY_2025\T1.Premium(MTD).xlsx,False,6963.10960517,11.382942963524,1981251.90398,1529307.7322933308,2360380.3247200004,35600.26183,20096.332240000003,,,,,
MUANG THAI LIFE,1,2026,6809.45948801,10.691618708353,C:\Users\User\Desktop\LifeFS\data\TLAA\monthly\New_Business_Monthly_Report_on_JANUARY_2026\T1.Premium(MTD).xlsx,False,6809.45948801,10.691618708353,1953429.76101,1374531.306359999,2795432.723160002,31594.89103,25389.07451,,,,,
MUANG THAI LIFE,2,2025,5185.13361014,10.081593771234,C:\Users\User\Desktop\LifeFS\data\TLAA\monthly\New_Business_Monthly_Report_on_FEBRUARY_2025\T1.Premium(MTD).xlsx,False,12148.24321531,10.7885492923,1579205.45152,286507.4397066677,3219208.9037400014,36045.4083,26563.30975,,,,,
MUANG THAI LIFE,2,2026,5963.43292613,11.219474112115,C:\Users\User\Desktop\LifeFS\data\TLAA\monthly\New_Business_Monthly_Report_on_FEBRUARY_2026\T1.Premium(MTD).xlsx,False,12772.89241414,10.931744623711,1942920.5534,219258.48812041103,3490886.9847599966,31595.107180000003,32914.10298,,,,,
MUANG THAI LIFE,3,2025,6441.04393551,10.596046766008,C:\Users\User\Desktop\LifeFS\data\TLAA\monthly\New_Business_Monthly_Report_on_MARCH_2025\T1.Premium(MTD).xlsx,False,18589.28715082,10.721061707202,2384759.00365,255201.4653044304,3650929.211259996,34708.717450000004,39098.38068,,,,,
MUANG THAI LIFE,3,2026,6779.78058819,10.537143583442,C:\Users\User\Desktop\LifeFS\data\TLAA\monthly\New_Business_Monthly_Report_on_MARCH_2026 (1)\T1.Premium(MTD).xlsx,False,19552.67300233,10.791614580464,2309893.56895,179830.3052599997,4146107.915410005,31404.547080000004,46413.72581,,,,,
MUANG THAI LIFE,4,2025,4997.59942013,10.977346524441,C:\Users\User\Desktop\LifeFS\data\TLAA\monthly\New_Business_Monthly_Report_on_APRIL_2025\T1.Premium(MTD).xlsx,False,23586.88657095,10.774359323241,1767912.5076800005,479630.8443699972,2584095.6044700053,32118.125479999995,27677.496990000007,,,,,
MUANG THAI LIFE,5,2025,4745.12931224,9.7303964044708,C:\Users\User\Desktop\LifeFS\data\TLAA\monthly\New_Business_Monthly_Report_on_MAY_2025\T1.Premium(MTD).xlsx,False,28332.01588319,10.58417181159,1616057.9606400002,193325.9609057531,2733473.234549994,34386.77817,18570.80288,,,,,
MUANG THAI LIFE,6,2025,5638.6438813,9.572399572131,C:\Users\User\Desktop\LifeFS\data\TLAA\monthly\New_Business_Monthly_Report_on_JUNE_2025\T1.Premium(MTD).xlsx,False,33970.65976449,10.40168300127,1532005.37157,482936.6839499991,3505343.0637300066,34745.92829999999,20851.67478,,,,,
MUANG THAI LIFE,7,2025,5393.81741576,10.617494349209,C:\Users\User\Desktop\LifeFS\data\TLAA\monthly\New_Business_Monthly_Report_on_JULY_2025\T1.Premium(MTD).xlsx,False,39364.47718025,10.430733852107,1661981.5018100005,612948.7129899984,2990484.906949996,33832.16933000001,20107.62964,,,,,
MUANG THAI LIFE,8,2025,5251.87611137,10.519968504268,C:\Users\User\Desktop\LifeFS\data\TLAA\monthly\New_Business_Monthly_Report_on_AUGUST_2025\T1.Premium(MTD).xlsx,False,44616.35329162,10.441159143754,1455038.1446700003,537287.68732,3110883.6529900003,33453.112060000014,17922.328170000008,,,,,
MUANG THAI LIFE,9,2025,6413.31893166,11.05001360596,C:\Users\User\Desktop\LifeFS\data\TLAA\monthly\New_Business_Monthly_Report_on_SEPTEMBER_2025\T1.Premium(MTD).xlsx,False,51029.67222328,10.51396684894,1727433.1499399997,333612.7891999992,4243054.515610001,32981.375140000004,30860.82827,,,,,
MUANG THAI LIFE,10,2025,6359.08263958,12.193638333069,C:\Users\User\Desktop\LifeFS\data\TLAA\monthly\New_Business_Monthly_Report_on_OCTOBER_2025\T1.Premium(MTD).xlsx,False,57388.75486286,10.676935978145,1542393.0784900002,1429551.5122400038,3211333.6973200045,33185.23851,28486.848680000003,,,,,
MUANG THAI LIFE,11,2025,7164.61752732,12.675745936153,C:\Users\User\Desktop\LifeFS\data\TLAA\monthly\New_Business_Monthly_Report_on_NOVEMBER_2025\T1.Premium(MTD).xlsx,False,64553.37239018,10.867125566906,1729106.19302,193752.1637399976,5109225.80267999,34412.113029999986,49002.25786000001,,,,,
MUANG THAI LIFE,12,2025,9925.24170099,12.033346464587,C:\Users\User\Desktop\LifeFS\data\TLAA\monthly\New_Business_Monthly_Report_on_DECEMBER_2025\T1.Premium(MTD).xlsx,False,74478.61409117,11.009313964631,3433257.2144100014,1287145.863930002,4953552.170390001,37927.338,160905.00882,,,,,
OLIC,1,2025,981.0432588,1.6037604020162,C:\Users\User\Desktop\LifeFS\data\TLAA\monthly\New_Business_Monthly_Report_on_JANUARY_2025\T1.Premium(MTD).xlsx,False,981.0432588,1.6037604020162,765258.5565100001,118445.54277,8604.89349,0.0,1272.5126999999998,,,,,
OLIC,1,2026,991.90073633,1.5573959266588,C:\Users\User\Desktop\LifeFS\data\TLAA\monthly\New_Business_Monthly_Report_on_JANUARY_2026\T1.Premium(MTD).xlsx,False,991.90073633,1.5573959266588,698591.9602900003,182667.29511,6969.104960000001,0.0,2609.25112,,,,,
OLIC,2,2025,923.5476046,1.7956782752455,C:\Users\User\Desktop\LifeFS\data\TLAA\monthly\New_Business_Monthly_Report_on_FEBRUARY_2025\T1.Premium(MTD).xlsx,False,1904.5908634,1.6914192486333,838281.7965499999,52829.49035999999,6346.338000000002,0.0,1094.5952700000005,,,,,
OLIC,2,2026,960.94881091,1.8079083710042,C:\Users\User\Desktop\LifeFS\data\TLAA\monthly\New_Business_Monthly_Report_on_FEBRUARY_2026\T1.Premium(MTD).xlsx,False,1952.84954724,1.6713561695176,783984.0302,119923.50408,6015.504999999999,0.0,2520.56815,,,,,
OLIC,3,2025,1133.18943737,1.8641897793805,C:\Users\User\Desktop\LifeFS\data\TLAA\monthly\New_Business_Monthly_Report_on_MARCH_2025\T1.Premium(MTD).xlsx,False,3037.78030077,1.7519891856661,799886.4763099997,275272.21775000007,8543.56166,0.0,2645.09652,,,,,
OLIC,3,2026,1101.96490248,1.7126752481596,C:\Users\User\Desktop\LifeFS\data\TLAA\monthly\New_Business_Monthly_Report_on_MARCH_2026 (1)\T1.Premium(MTD).xlsx,False,3054.81444972,1.6860293297127,750377.3078600001,288655.70235999994,8252.34168,0.0,3308.62592,,,,,
OLIC,4,2025,1092.18097642,2.3990016081066,C:\Users\User\Desktop\LifeFS\data\TLAA\monthly\New_Business_Monthly_Report_on_APRIL_2025\T1.Premium(MTD).xlsx,False,4129.96127719,1.8865434680269,893505.25171,100140.94686000004,9607.501360000002,0.0,2102.07674,,,,,
OLIC,5,2025,895.96256093,1.837267291942,C:\Users\User\Desktop\LifeFS\data\TLAA\monthly\New_Business_Monthly_Report_on_MAY_2025\T1.Premium(MTD).xlsx,False,5025.92383812,1.877566412286,750024.1187299988,120918.16222,7534.29146,0.0,1901.69116,,,,,
OLIC,6,2025,1062.11583606,1.8030926209708,C:\Users\User\Desktop\LifeFS\data\TLAA\monthly\New_Business_Monthly_Report_on_JUNE_2025\T1.Premium(MTD).xlsx,False,6088.03967418,1.8641339093499,953361.8008499988,41394.44101999997,6667.12664,0.0,2488.68119,,,,,
OLIC,7,2025,858.09585147,1.6891242605732,C:\Users\User\Desktop\LifeFS\data\TLAA\monthly\New_Business_Monthly_Report_on_JULY_2025\T1.Premium(MTD).xlsx,False,6946.13552565,1.8405754669866,721528.6738899999,69615.45855999997,8748.476419999999,0.0,2665.3965000000003,,,,,
OLIC,8,2025,995.46274309,1.993999188558,C:\Users\User\Desktop\LifeFS\data\TLAA\monthly\New_Business_Monthly_Report_on_AUGUST_2025\T1.Premium(MTD).xlsx,False,7941.59826874,1.8584999728172,893574.5844300003,65911.59109999998,10520.64602,0.0,2500.21417,,,,,
OLIC,9,2025,896.53807978,1.5447162515067,C:\Users\User\Desktop\LifeFS\data\TLAA\monthly\New_Business_Monthly_Report_on_SEPTEMBER_2025\T1.Premium(MTD).xlsx,False,8838.13634852,1.8209772574701,711108.5386999996,137930.78224999996,8878.96622,0.0,3408.05993,,,,,
OLIC,10,2025,990.30409961,1.8989232747568,C:\Users\User\Desktop\LifeFS\data\TLAA\monthly\New_Business_Monthly_Report_on_OCTOBER_2025\T1.Premium(MTD).xlsx,False,9828.44044813,1.8285399235523,836380.40464,82872.8391,15881.42759,0.0,5232.055770000001,,,,,
OLIC,11,2025,862.42468905,1.5258143516773,C:\Users\User\Desktop\LifeFS\data\TLAA\monthly\New_Business_Monthly_Report_on_NOVEMBER_2025\T1.Premium(MTD).xlsx,False,10690.86513718,1.799735158101,724616.6091700001,95648.31078,11099.67851,0.0,11045.4833,,,,,
OLIC,12,2025,1615.8672841,1.9590747969822,C:\Users\User\Desktop\LifeFS\data\TLAA\monthly\New_Business_Monthly_Report_on_DECEMBER_2025\T1.Premium(MTD).xlsx,False,12306.73242128,1.8191622220403,1352362.8049,94404.24179,10002.47322,0.0,106094.6312,,,,,
PLA,1,2025,93.44107374,0.15275278907618,C:\Users\User\Desktop\LifeFS\data\TLAA\monthly\New_Business_Monthly_Report_on_JANUARY_2025\T1.Premium(MTD).xlsx,False,93.44107374,0.15275278907618,82079.43687999986,5243.632600000001,0.0,251.80003,2416.5255,,,,,
PLA,1,2026,45.98794078,0.072206249096251,C:\Users\User\Desktop\LifeFS\data\TLAA\monthly\New_Business_Monthly_Report_on_JANUARY_2026\T1.Premium(MTD).xlsx,False,45.98794078,0.072206249096251,15774.416199999992,8227.67415,0.0,247.37503000000004,18420.6365,,,,,
PLA,2,2025,102.30920901,0.19892252772003,C:\Users\User\Desktop\LifeFS\data\TLAA\monthly\New_Business_Monthly_Report_on_FEBRUARY_2025\T1.Premium(MTD).xlsx,False,195.75028275,0.17384090333065,95252.10858000007,3499.00844,0.0,251.80003,2071.3605,,,,,
PLA,2,2026,51.69136195,0.097251013703336,C:\Users\User\Desktop\LifeFS\data\TLAA\monthly\New_Business_Monthly_Report_on_FEBRUARY_2026\T1.Premium(MTD).xlsx,False,97.67930273,0.083599325653479,18199.212920000013,6668.49331,0.0,247.37503000000004,25449.97932,,,,,
PLA,3,2025,134.96234435,0.22202415116261,C:\Users\User\Desktop\LifeFS\data\TLAA\monthly\New_Business_Monthly_Report_on_MARCH_2025\T1.Premium(MTD).xlsx,False,330.7126271,0.19073299872791,128446.8138399999,2250.6757500000003,0.0,251.80003,2285.665,,,,,
PLA,3,2026,109.67630868,0.17045905796365,C:\Users\User\Desktop\LifeFS\data\TLAA\monthly\New_Business_Monthly_Report_on_MARCH_2026 (1)\T1.Premium(MTD).xlsx,False,207.35561141,0.11444480451172,77986.01208999997,5049.24879,0.0,247.37503000000004,25167.67668,,,,,
PLA,4,2025,89.50080382,0.19659065386289,C:\Users\User\Desktop\LifeFS\data\TLAA\monthly\New_Business_Monthly_Report_on_APRIL_2025\T1.Premium(MTD).xlsx,False,420.21343092,0.19195117098499,83267.77191999997,2520.60287,0.0,251.80003,2908.638,,,,,
PLA,5,2025,82.26161062,0.16868625226674,C:\Users\User\Desktop\LifeFS\data\TLAA\monthly\New_Business_Monthly_Report_on_MAY_2025\T1.Premium(MTD).xlsx,False,502.47504154,0.1877128049279,76640.28146000003,2987.38299,0.0,251.80003,1205.3735,,,,,
PLA,6,2025,132.46593042,0.2248797481039,C:\Users\User\Desktop\LifeFS\data\TLAA\monthly\New_Business_Monthly_Report_on_JUNE_2025\T1.Premium(MTD).xlsx,False,634.94097196,0.19441643938131,126179.12376999996,3916.198930000001,0.0,251.80003,653.155,,,,,
PLA,7,2025,92.87900917,0.18282827893677,C:\Users\User\Desktop\LifeFS\data\TLAA\monthly\New_Business_Monthly_Report_on_JULY_2025\T1.Premium(MTD).xlsx,False,727.81998113,0.19285653104576,85140.34779999997,4821.93016,0.0,251.80003,1532.4540000000002,,,,,
PLA,8,2025,147.96716072,0.29639120143569,C:\Users\User\Desktop\LifeFS\data\TLAA\monthly\New_Business_Monthly_Report_on_AUGUST_2025\T1.Premium(MTD).xlsx,False,875.78714185,0.20495249498186,113897.44135999994,4989.359280000001,0.0,251.80003,27501.0,,,,,
PLA,9,2025,146.35303255,0.25216319633935,C:\Users\User\Desktop\LifeFS\data\TLAA\monthly\New_Business_Monthly_Report_on_SEPTEMBER_2025\T1.Premium(MTD).xlsx,False,1022.1401744,0.21059801955201,111380.86039999992,3417.94491,0.0,288.4000299999998,29673.863,,,,,
PLA,10,2025,145.96706343,0.27989407920687,C:\Users\User\Desktop\LifeFS\data\TLAA\monthly\New_Business_Monthly_Report_on_OCTOBER_2025\T1.Premium(MTD).xlsx,False,1168.10723783,0.21732142862696,107492.75217999986,4457.196150000001,0.0,296.0500300000003,32426.5855,,,,,
PLA,11,2025,346.28194258,0.61264706869335,C:\Users\User\Desktop\LifeFS\data\TLAA\monthly\New_Business_Monthly_Report_on_NOVEMBER_2025\T1.Premium(MTD).xlsx,False,1514.38918041,0.25493722126875,119482.53525999998,198161.86936,0.0,268.02503000000024,27120.4925,,,,,
PLA,12,2025,428.85375742,0.51994157937334,C:\Users\User\Desktop\LifeFS\data\TLAA\monthly\New_Business_Monthly_Report_on_DECEMBER_2025\T1.Premium(MTD).xlsx,False,1943.24293783,0.28724717656445,251780.24143999975,8524.883990000013,0.0,250.32503000000025,166861.00298000002,,,,,
PRUDENTIAL,1,2025,3116.70360342,5.0950310082148,C:\Users\User\Desktop\LifeFS\data\TLAA\monthly\New_Business_Monthly_Report_on_JANUARY_2025\T1.Premium(MTD).xlsx,False,3116.70360342,5.0950310082148,94288.48738,79161.76422,2678192.8236800004,144997.61152,15914.455000000002,,,,,
PRUDENTIAL,1,2026,3337.04925506,5.2395433600739,C:\Users\User\Desktop\LifeFS\data\TLAA\monthly\New_Business_Monthly_Report_on_JANUARY_2026\T1.Premium(MTD).xlsx,False,3337.04925506,5.2395433600739,94548.79257,63638.88396,2838212.12785,152503.28386,77694.757,,,,,
PRUDENTIAL,2,2025,2961.44901328,5.7580244157498,C:\Users\User\Desktop\LifeFS\data\TLAA\monthly\New_Business_Monthly_Report_on_FEBRUARY_2025\T1.Premium(MTD).xlsx,False,6078.1526167,5.3978544839099,105730.28938999998,6987.80582,2672000.66992,147882.29475,24182.157,,,,,
PRUDENTIAL,2,2026,3561.38641267,6.7003155992768,C:\Users\User\Desktop\LifeFS\data\TLAA\monthly\New_Business_Monthly_Report_on_FEBRUARY_2026\T1.Premium(MTD).xlsx,False,6898.43566773,5.9040610832392,108650.02416,1074.40162,3192586.7407400003,157217.86140000002,96372.48621,,,,,
PRUDENTIAL,3,2025,3496.07695562,5.7513339902996,C:\Users\User\Desktop\LifeFS\data\TLAA\monthly\New_Business_Monthly_Report_on_MARCH_2025\T1.Premium(MTD).xlsx,False,9574.22957232,5.5217774200252,134725.11596999998,4089.86232,3136541.9651299994,151901.41851,61552.96564000001,,,,,
PRUDENTIAL,3,2026,4544.30316229,7.062761734672,C:\Users\User\Desktop\LifeFS\data\TLAA\monthly\New_Business_Monthly_Report_on_MARCH_2026 (1)\T1.Premium(MTD).xlsx,False,11442.73883002,6.3155368671983,126021.08866,5162.85342,4119757.94757,159273.9351,128232.368,,,,,
PRUDENTIAL,4,2025,2803.75768793,6.1585207463812,C:\Users\User\Desktop\LifeFS\data\TLAA\monthly\New_Business_Monthly_Report_on_APRIL_2025\T1.Premium(MTD).xlsx,False,12377.98726025,5.6541961161032,100865.07268,15500.70489,2500233.18591,150465.27478,29563.939,,,,,
PRUDENTIAL,5,2025,3243.580601,6.6513097833118,C:\Users\User\Desktop\LifeFS\data\TLAA\monthly\New_Business_Monthly_Report_on_MAY_2025\T1.Premium(MTD).xlsx,False,15621.56786125,5.83584870528,111811.59949999998,-867.6630799999998,2991547.6323399995,114975.37695,20777.781,,,,,
PRUDENTIAL,6,2025,4089.41461686,6.9423626589576,C:\Users\User\Desktop\LifeFS\data\TLAA\monthly\New_Business_Monthly_Report_on_JUNE_2025\T1.Premium(MTD).xlsx,False,19710.98247811,6.0354256526745,135776.48756,5218.816300000001,3767020.731230001,149018.42644,26581.462,,,,,
PRUDENTIAL,7,2025,3157.56764723,6.2155342065812,C:\Users\User\Desktop\LifeFS\data\TLAA\monthly\New_Business_Monthly_Report_on_JULY_2025\T1.Premium(MTD).xlsx,False,22868.55012534,6.0596704701232,102309.5221,6749.787590000001,2851981.31174,152804.40214000002,20358.945,,,,,
PRUDENTIAL,8,2025,3624.91146385,7.2610156107651,C:\Users\User\Desktop\LifeFS\data\TLAA\monthly\New_Business_Monthly_Report_on_AUGUST_2025\T1.Premium(MTD).xlsx,False,26493.46158919,6.2000237203078,117616.10012,20086.82701,3305526.08834,154563.56367,22320.064,,,,,
PRUDENTIAL,9,2025,3904.18642501,6.7268310801752,C:\Users\User\Desktop\LifeFS\data\TLAA\monthly\New_Business_Monthly_Report_on_SEPTEMBER_2025\T1.Premium(MTD).xlsx,False,30397.6480142,6.2630201132515,140483.92033999998,6417.510460000001,3568270.9151799995,155416.04783,28888.523,,,,,
PRUDENTIAL,10,2025,3210.76069619,6.1566827988197,C:\Users\User\Desktop\LifeFS\data\TLAA\monthly\New_Business_Monthly_Report_on_OCTOBER_2025\T1.Premium(MTD).xlsx,False,33608.40871039,6.2527027984083,117306.52189,1193.27129,2853362.22571,156171.99699,66734.6801,,,,,
PRUDENTIAL,11,2025,4264.4608027,7.5447463152898,C:\Users\User\Desktop\LifeFS\data\TLAA\monthly\New_Business_Monthly_Report_on_NOVEMBER_2025\T1.Premium(MTD).xlsx,False,37872.86951309,6.3756425627176,153621.45457,328.28034000000014,3675256.11423,166476.54677000002,261760.76,,,,,
PRUDENTIAL,12,2025,6183.58574534,7.4969690319719,C:\Users\User\Desktop\LifeFS\data\TLAA\monthly\New_Business_Monthly_Report_on_DECEMBER_2025\T1.Premium(MTD).xlsx,False,44056.45525843,6.5123573260242,286881.23614000005,3283.9611200000004,4814098.265740001,180618.86262,884754.57609,,,,,
RABBIT LIFE,1,2025,87.03056162,0.14227320481475,C:\Users\User\Desktop\LifeFS\data\TLAA\monthly\New_Business_Monthly_Report_on_JANUARY_2025\T1.Premium(MTD).xlsx,False,87.03056162,0.14227320481475,38449.21274,18952.40170000001,0.0,22293.80718,7335.139999999999,,,,,
RABBIT LIFE,1,2026,99.17632814,0.15571801069299,C:\Users\User\Desktop\LifeFS\data\TLAA\monthly\New_Business_Monthly_Report_on_JANUARY_2026\T1.Premium(MTD).xlsx,False,99.17632814,0.15571801069299,59527.12989999999,11770.5802,0.0,23152.31804,4726.3,,,,,
RABBIT LIFE,2,2025,171.63716858,0.33371873123664,C:\Users\User\Desktop\LifeFS\data\TLAA\monthly\New_Business_Monthly_Report_on_FEBRUARY_2025\T1.Premium(MTD).xlsx,False,258.6677302,0.22971630614647,132940.29426999998,5952.440430000001,0.0,28723.655879999995,4020.778,,,,,
RABBIT LIFE,2,2026,198.06863946,0.37264206713992,C:\Users\User\Desktop\LifeFS\data\TLAA\monthly\New_Business_Monthly_Report_on_FEBRUARY_2026\T1.Premium(MTD).xlsx,False,297.2449676,0.25439861005087,150060.24037,15484.91988,0.0,29767.479210000005,2756.0,,,,,
RABBIT LIFE,3,2025,206.3568437,0.33947397164554,C:\Users\User\Desktop\LifeFS\data\TLAA\monthly\New_Business_Monthly_Report_on_MARCH_2025\T1.Premium(MTD).xlsx,False,465.0245739,0.26819517670033,111809.25785,53675.92056,0.0,29892.51029,10979.155,,,,,
RABBIT LIFE,3,2026,354.91985754,0.55161689244464,C:\Users\User\Desktop\LifeFS\data\TLAA\monthly\New_Business_Monthly_Report_on_MARCH_2026 (1)\T1.Premium(MTD).xlsx,False,652.16482514,0.35994625568627,272123.39549,47914.79721999999,0.0,29599.942830000007,5281.722,,,,,
RABBIT LIFE,4,2025,348.24094728,0.76491956055828,C:\Users\User\Desktop\LifeFS\data\TLAA\monthly\New_Business_Monthly_Report_on_APRIL_2025\T1.Premium(MTD).xlsx,False,813.26552118,0.37149519178966,123769.72981,195099.95271,0.0,21789.64776,7581.617,,,,,
RABBIT LIFE,5,2025,332.30731329,0.6814317742776,C:\Users\User\Desktop\LifeFS\data\TLAA\monthly\New_Business_Monthly_Report_on_MAY_2025\T1.Premium(MTD).xlsx,False,1145.57283447,0.42795894766934,283845.73481000005,11763.66528999999,0.0,26786.49319,9911.42,,,,,
RABBIT LIFE,6,2025,149.14726077,0.25319867777323,C:\Users\User\Desktop\LifeFS\data\TLAA\monthly\New_Business_Monthly_Report_on_JUNE_2025\T1.Premium(MTD).xlsx,False,1294.72009524,0.39643822343827,89889.34409000001,15909.79857,0.0,31443.798110000003,11904.32,,,,,
RABBIT LIFE,7,2025,276.49276207,0.54426394380681,C:\Users\User\Desktop\LifeFS\data\TLAA\monthly\New_Business_Monthly_Report_on_JULY_2025\T1.Premium(MTD).xlsx,False,1571.21285731,0.41633737607043,152228.32504,90690.1668,0.0,27070.47023,6503.8,,,,,
RABBIT LIFE,8,2025,333.64786688,0.66832594232276,C:\Users\User\Desktop\LifeFS\data\TLAA\monthly\New_Business_Monthly_Report_on_AUGUST_2025\T1.Premium(MTD).xlsx,False,1904.86072419,0.44577722069658,204641.88137,85859.10981,0.0,29678.952699999994,13467.923,,,,,
RABBIT LIFE,9,2025,157.42419556,0.27123857730792,C:\Users\User\Desktop\LifeFS\data\TLAA\monthly\New_Business_Monthly_Report_on_SEPTEMBER_2025\T1.Premium(MTD).xlsx,False,2062.28491975,0.42490563498913,105986.95094,15053.5932,0.0,31294.651419999995,5089.0,,,,,
RABBIT LIFE,10,2025,274.07670391,0.52554627647032,C:\Users\User\Desktop\LifeFS\data\TLAA\monthly\New_Business_Monthly_Report_on_OCTOBER_2025\T1.Premium(MTD).xlsx,False,2336.36162366,0.43467023351916,235273.13332,7949.60411,0.0,25257.99948,5595.967,,,,,
RABBIT LIFE,11,2025,195.03610092,0.34506071736736,C:\Users\User\Desktop\LifeFS\data\TLAA\monthly\New_Business_Monthly_Report_on_NOVEMBER_2025\T1.Premium(MTD).xlsx,False,2531.39772458,0.42614376157636,142471.11036,8468.248019999999,0.0,31675.727540000004,12421.015,,,,,
RABBIT LIFE,12,2025,463.45619258,0.56189351398034,C:\Users\User\Desktop\LifeFS\data\TLAA\monthly\New_Business_Monthly_Report_on_DECEMBER_2025\T1.Premium(MTD).xlsx,False,2994.85391716,0.44269469101369,295522.48826,18878.97193,0.0,61250.55038999999,87804.18199999999,,,,,
SAHA,1,2025,7.08293411,0.011578826064818,C:\Users\User\Desktop\LifeFS\data\TLAA\monthly\New_Business_Monthly_Report_on_JANUARY_2025\T1.Premium(MTD).xlsx,False,7.08293411,0.011578826064818,7082.93411,0.0,0.0,0.0,0.0,,,,,
SAHA,1,2026,44.32235028,0.069591084327064,C:\Users\User\Desktop\LifeFS\data\TLAA\monthly\New_Business_Monthly_Report_on_JANUARY_2026\T1.Premium(MTD).xlsx,False,44.32235028,0.069591084327064,44322.35028,0.0,0.0,0.0,0.0,,,,,
SAHA,2,2025,18.72819267,0.036413725231518,C:\Users\User\Desktop\LifeFS\data\TLAA\monthly\New_Business_Monthly_Report_on_FEBRUARY_2025\T1.Premium(MTD).xlsx,False,25.81112678,0.02292221258831,18728.19267,0.0,0.0,0.0,0.0,,,,,
SAHA,2,2026,59.60364711,0.11213701638332,C:\Users\User\Desktop\LifeFS\data\TLAA\monthly\New_Business_Monthly_Report_on_FEBRUARY_2026\T1.Premium(MTD).xlsx,False,103.92599739,0.088945590896411,59603.64711,0.0,0.0,0.0,0.0,,,,,
SAHA,3,2025,11.35973895,0.018687704410808,C:\Users\User\Desktop\LifeFS\data\TLAA\monthly\New_Business_Monthly_Report_on_MARCH_2025\T1.Premium(MTD).xlsx,False,37.17086573,0.021437677624119,11359.738949999995,0.0,0.0,0.0,0.0,,,,,
SAHA,3,2026,53.41342507,0.083015212944565,C:\Users\User\Desktop\LifeFS\data\TLAA\monthly\New_Business_Monthly_Report_on_MARCH_2026 (1)\T1.Premium(MTD).xlsx,False,157.33942246,0.086839605270277,53413.42507,0.0,0.0,0.0,0.0,,,,,
SAHA,4,2025,7.92015683,0.017396813698319,C:\Users\User\Desktop\LifeFS\data\TLAA\monthly\New_Business_Monthly_Report_on_APRIL_2025\T1.Premium(MTD).xlsx,False,45.09102256,0.020597329700655,7920.15683,0.0,0.0,0.0,0.0,,,,,
SAHA,5,2025,-12.79771417,-0.026243085014353,C:\Users\User\Desktop\LifeFS\data\TLAA\monthly\New_Business_Monthly_Report_on_MAY_2025\T1.Premium(MTD).xlsx,False,32.29330839,0.012064017109606,-12797.714169999996,0.0,0.0,0.0,0.0,,,,,
SAHA,6,2025,92.69023421,0.15735484931671,C:\Users\User\Desktop\LifeFS\data\TLAA\monthly\New_Business_Monthly_Report_on_JUNE_2025\T1.Premium(MTD).xlsx,False,124.9835426,0.038269471347149,92690.23421,0.0,0.0,0.0,0.0,,,,,
SAHA,7,2025,95.9168306,0.18880809793708,C:\Users\User\Desktop\LifeFS\data\TLAA\monthly\New_Business_Monthly_Report_on_JULY_2025\T1.Premium(MTD).xlsx,False,220.9003732,0.058533814386247,95916.83060000004,0.0,0.0,0.0,0.0,,,,,
SAHA,8,2025,82.24231853,0.1647385776638,C:\Users\User\Desktop\LifeFS\data\TLAA\monthly\New_Business_Monthly_Report_on_AUGUST_2025\T1.Premium(MTD).xlsx,False,303.14269173,0.070941725490897,82242.31852999999,0.0,0.0,0.0,0.0,,,,,
SAHA,9,2025,139.11551059,0.23969309825385,C:\Users\User\Desktop\LifeFS\data\TLAA\monthly\New_Business_Monthly_Report_on_SEPTEMBER_2025\T1.Premium(MTD).xlsx,False,442.25820232,0.091121260930672,139115.5105899999,0.0,0.0,0.0,0.0,,,,,
SAHA,10,2025,63.08795573,0.12097212112896,C:\Users\User\Desktop\LifeFS\data\TLAA\monthly\New_Business_Monthly_Report_on_OCTOBER_2025\T1.Premium(MTD).xlsx,False,505.34615805,0.094017522931018,63087.95573000004,0.0,0.0,0.0,0.0,,,,,
SAHA,11,2025,50.52342493,0.089386781052154,C:\Users\User\Desktop\LifeFS\data\TLAA\monthly\New_Business_Monthly_Report_on_NOVEMBER_2025\T1.Premium(MTD).xlsx,False,555.86958298,0.0935769013051,50523.42492999992,0.0,0.0,0.0,0.0,,,,,
SAHA,12,2025,93.59101555,0.1134695909696,C:\Users\User\Desktop\LifeFS\data\TLAA\monthly\New_Business_Monthly_Report_on_DECEMBER_2025\T1.Premium(MTD).xlsx,False,649.46059853,0.096002264866546,93591.01555000008,0.0,0.0,0.0,0.0,,,,,
SCB LIFE,1,2025,,,"C:\Users\User\Desktop\LifeFS\data\TLAA\static_by_channel\(Revise) รายงานการรับประกันชีวิตแยกตามช่องทาง (รูปแบบใหม่) ม.ค.68\T2.เบี้ยประกันภัยรับรวมแยกตามช่องทาง (MTD,YTD).1.25.xlsx",False,,,0.0,0.0,0.0,0.0,0.0,,,,,
SCB LIFE,1,2026,,,"C:\Users\User\Desktop\LifeFS\data\TLAA\static_by_channel\(Revise)รายงานการรับประกันชีวิตแยกตามช่องทาง (รูปแบบใหม่) ม.ค.69\T2.เบี้ยประกันภัยรับรวมแยกตามช่องทาง (MTD,YTD).1.26.xlsx",False,,,0.0,0.0,0.0,0.0,0.0,,,,,
SCB LIFE,2,2025,,,"C:\Users\User\Desktop\LifeFS\data\TLAA\static_by_channel\รายงานการรับประกันชีวิตแยกตามช่องทาง (รูปแบบใหม่)ก.พ.68\T2.เบี้ยประกันภัยรับรวมแยกตามช่องทาง (MTD,YTD)2.25.xlsx",False,,,0.0,0.0,0.0,0.0,0.0,,,,,
SCB LIFE,2,2026,,,"C:\Users\User\Desktop\LifeFS\data\TLAA\static_by_channel\รายงานการรับประกันชีวิตแยกตามช่องทาง (รูปแบบใหม่)ก.พ.69\T2.เบี้ยประกันภัยรับรวมแยกตามช่องทาง (MTD,YTD)2.26.xlsx",False,,,0.0,0.0,0.0,0.0,0.0,,,,,
SCB LIFE,3,2025,,,"C:\Users\User\Desktop\LifeFS\data\TLAA\static_by_channel\รายงานการรับประกันชีวิตแยกตามช่องทาง (รูปแบบใหม่) มี.ค.68\T2.เบี้ยประกันภัยรับรวมแยกตามช่องทาง (MTD,YTD).3.xlsx",False,,,0.0,0.0,0.0,0.0,0.0,,,,,
SCB LIFE,3,2026,,,"C:\Users\User\Desktop\LifeFS\data\TLAA\static_by_channel\(Revise)รายงานการรับประกันชีวิตแยกตามช่องทาง (รูปแบบใหม่)มี.ค.69\T2.เบี้ยประกันภัยรับรวมแยกตามช่องทาง (MTD,YTD)3.26.xlsx",False,,,0.0,0.0,0.0,0.0,0.0,,,,,
SCB LIFE,4,2025,,,"C:\Users\User\Desktop\LifeFS\data\TLAA\static_by_channel\รายงานการรับประกันชีวิตแยกตามช่องทาง (รูปแบบใหม่) เม.ย.68\T2.เบี้ยประกันภัยรับรวมแยกตามช่องทาง (MTD,YTD)4.25.xlsx",False,,,0.0,0.0,0.0,0.0,0.0,,,,,
SCB LIFE,5,2025,,,"C:\Users\User\Desktop\LifeFS\data\TLAA\static_by_channel\รายงานการรับประกันชีวิตแยกตามช่องทาง (รูปแบบใหม่) พ.ค.68\T2.เบี้ยประกันภัยรับรวมแยกตามช่องทาง (MTD,YTD)5.25.xlsx",False,,,0.0,0.0,0.0,0.0,0.0,,,,,
SCB LIFE,6,2025,,,"C:\Users\User\Desktop\LifeFS\data\TLAA\static_by_channel\รายงานการรับประกันชีวิตแยกตามช่องทาง (รูปแบบใหม่) มิ.ย.68\6.25 T2.เบี้ยประกันภัยรับรวมแยกตามช่องทาง (MTD,YTD).xlsx",False,,,0.0,0.0,0.0,0.0,0.0,,,,,
SCB LIFE,7,2025,,,"C:\Users\User\Desktop\LifeFS\data\TLAA\static_by_channel\รายงานการรับประกันชีวิตแยกตามช่องทาง (รูปแบบใหม่) ก.ค.68\7.25 T2.เบี้ยประกันภัยรับรวมแยกตามช่องทาง (MTD,YTD).xlsx",False,,,0.0,0.0,0.0,0.0,0.0,,,,,
SCB LIFE,8,2025,,,"C:\Users\User\Desktop\LifeFS\data\TLAA\static_by_channel\รายงานการรับประกันชีวิตแยกตามช่องทาง (รูปแบบใหม่) ส.ค.68\8.25T2.เบี้ยประกันภัยรับรวมแยกตามช่องทาง (MTD,YTD).xlsx",False,,,0.0,0.0,0.0,0.0,0.0,,,,,
SCB LIFE,9,2025,,,"C:\Users\User\Desktop\LifeFS\data\TLAA\static_by_channel\รายงานการรับประกันชีวิตแยกตามช่องทาง (รูปแบบใหม่) ก.ย.68\9.25 T2.เบี้ยประกันภัยรับรวมแยกตามช่องทาง (MTD,YTD).xlsx",False,,,0.0,0.0,0.0,0.0,0.0,,,,,
SCB LIFE,10,2025,,,"C:\Users\User\Desktop\LifeFS\data\TLAA\static_by_channel\รายงานการรับประกันชีวิตแยกตามช่องทาง (รูปแบบใหม่) ต.ค.68\10.25 T2.เบี้ยประกันภัยรับรวมแยกตามช่องทาง (MTD,YTD).xlsx",False,,,0.0,0.0,0.0,0.0,0.0,,,,,
SCB LIFE,11,2025,,,"C:\Users\User\Desktop\LifeFS\data\TLAA\static_by_channel\รายงานการรับประกันชีวิตแยกตามช่องทาง (รูปแบบใหม่) พ.ย.68\11.25 T2.เบี้ยประกันภัยรับรวมแยกตามช่องทาง (MTD,YTD).xlsx",False,,,0.0,0.0,0.0,0.0,0.0,,,,,
SCB LIFE,12,2025,,,"C:\Users\User\Desktop\LifeFS\data\TLAA\static_by_channel\รายงานการรับประกันชีวิตแยกตามช่องทาง (รูปแบบใหม่) ธ.ค.68\12.25 T2.เบี้ยประกันภัยรับรวมแยกตามช่องทาง (MTD,YTD).xlsx",False,,,0.0,0.0,0.0,0.0,0.0,,,,,
SLI,1,2025,419.2440223,0.68535913754624,C:\Users\User\Desktop\LifeFS\data\TLAA\monthly\New_Business_Monthly_Report_on_JANUARY_2025\T1.Premium(MTD).xlsx,False,419.2440223,0.68535913754624,410744.8333,5823.857,1083.41,332.065,0.95,,,,,
SLI,1,2026,489.05740545,0.76787523514527,C:\Users\User\Desktop\LifeFS\data\TLAA\monthly\New_Business_Monthly_Report_on_JANUARY_2026\T1.Premium(MTD).xlsx,False,489.05740545,0.76787523514527,435851.42351,19498.95167,32568.291,189.035,-2.9370000000000003,,,,,
SLI,2,2025,564.07869498,1.0967532729871,C:\Users\User\Desktop\LifeFS\data\TLAA\monthly\New_Business_Monthly_Report_on_FEBRUARY_2025\T1.Premium(MTD).xlsx,False,983.32271728,0.87326417635792,554887.6079800001,4606.154,3307.13,332.202,8.202,,,,,
SLI,2,2026,642.00350045,1.2078515416221,C:\Users\User\Desktop\LifeFS\data\TLAA\monthly\New_Business_Monthly_Report_on_FEBRUARY_2026\T1.Premium(MTD).xlsx,False,1131.0609059,0.96802420127445,555765.51481,11582.37764,73575.81300000001,175.423,1.2999999999999998,,,,,
SLI,3,2025,616.47210847,1.0141472961045,C:\Users\User\Desktop\LifeFS\data\TLAA\monthly\New_Business_Monthly_Report_on_MARCH_2025\T1.Premium(MTD).xlsx,False,1599.79482575,0.92265501665415,607809.22836,6524.609,402.575,378.901,7.544,,,,,
SLI,3,2026,811.43558797,1.2611342193063,C:\Users\User\Desktop\LifeFS\data\TLAA\monthly\New_Business_Monthly_Report_on_MARCH_2026 (1)\T1.Premium(MTD).xlsx,False,1942.49649387,1.0721129271302,710252.93997,10308.070000000002,89410.885,169.302,5.125,,,,,
SLI,4,2025,523.41731581,1.1496986391898,C:\Users\User\Desktop\LifeFS\data\TLAA\monthly\New_Business_Monthly_Report_on_APRIL_2025\T1.Premium(MTD).xlsx,False,2123.21214156,0.96987156248125,514299.26881,5735.909,1708.22,350.688,-0.5020000000000002,,,,,
SLI,5,2025,758.49511591,1.5553755573366,C:\Users\User\Desktop\LifeFS\data\TLAA\monthly\New_Business_Monthly_Report_on_MAY_2025\T1.Premium(MTD).xlsx,False,2881.70725747,1.0765377532442,510420.25791,3224.405,242267.345,322.98,3.462,,,,,
SLI,6,2025,836.70566455,1.4204268107621,C:\Users\User\Desktop\LifeFS\data\TLAA\monthly\New_Business_Monthly_Report_on_JUNE_2025\T1.Premium(MTD).xlsx,False,3718.41292202,1.1385634765654,663376.84755,9432.137,162538.723,292.38,211.42900000000003,,,,,
SLI,7,2025,745.26262061,1.4670169664778,C:\Users\User\Desktop\LifeFS\data\TLAA\monthly\New_Business_Monthly_Report_on_JULY_2025\T1.Premium(MTD).xlsx,False,4463.67554263,1.1827773394306,567009.34561,5306.642,171221.382,310.449,48.38,,,,,
SLI,8,2025,593.77516324,1.1893837332488,C:\Users\User\Desktop\LifeFS\data\TLAA\monthly\New_Business_Monthly_Report_on_AUGUST_2025\T1.Premium(MTD).xlsx,False,5057.45070587,1.1835491649561,571836.63924,6978.098000000001,12005.48,241.064,6.025,,,,,
SLI,9,2025,749.97131813,1.2921848044241,C:\Users\User\Desktop\LifeFS\data\TLAA\monthly\New_Business_Monthly_Report_on_SEPTEMBER_2025\T1.Premium(MTD).xlsx,False,5807.422024,1.1965399732723,727708.5463999999,14392.94073,5833.425,236.327,10.729,,,,,
SLI,10,2025,567.36002364,1.0879215328714,C:\Users\User\Desktop\LifeFS\data\TLAA\monthly\New_Business_Monthly_Report_on_OCTOBER_2025\T1.Premium(MTD).xlsx,False,6374.78204764,1.1860013335353,552848.86195,7056.27269,6086.172,233.908,8.337,,,,,
SLI,11,2025,705.65580545,1.248456553912,C:\Users\User\Desktop\LifeFS\data\TLAA\monthly\New_Business_Monthly_Report_on_NOVEMBER_2025\T1.Premium(MTD).xlsx,False,7080.43785309,1.1919440359077,665975.35447,21116.75898,16993.26,243.187,5.388,,,,,
SLI,12,2025,1353.52181448,1.6410075876933,C:\Users\User\Desktop\LifeFS\data\TLAA\monthly\New_Business_Monthly_Report_on_DECEMBER_2025\T1.Premium(MTD).xlsx,False,8433.95966757,1.2466949214663,1200885.50015,38570.79633,109986.898,202.204,500.196,,,,,
SOUTHEAST LIFE,1,2025,622.91414099,1.0183088505166,C:\Users\User\Desktop\LifeFS\data\TLAA\monthly\New_Business_Monthly_Report_on_JANUARY_2025\T1.Premium(MTD).xlsx,False,622.91414099,1.0183088505166,193919.90188,148480.89438,169723.226,6802.526,123.95,,,,,
SOUTHEAST LIFE,1,2026,691.50292852,1.0857375185892,C:\Users\User\Desktop\LifeFS\data\TLAA\monthly\New_Business_Monthly_Report_on_JANUARY_2026\T1.Premium(MTD).xlsx,False,691.50292852,1.0857375185892,184624.75131999995,145736.8606,260405.976,9178.557,194.85,,,,,
SOUTHEAST LIFE,2,2025,978.09617022,1.9017385083529,C:\Users\User\Desktop\LifeFS\data\TLAA\monthly\New_Business_Monthly_Report_on_FEBRUARY_2025\T1.Premium(MTD).xlsx,False,1601.01031121,1.421816994757,182715.42857,22989.41316,751646.503,7022.863,158.89999999999998,,,,,
SOUTHEAST LIFE,2,2026,531.37227506,0.99971233981838,C:\Users\User\Desktop\LifeFS\data\TLAA\monthly\New_Business_Monthly_Report_on_FEBRUARY_2026\T1.Premium(MTD).xlsx,False,1222.87520358,1.0466039326697,169604.09798000002,48861.742320000005,276154.2859999999,9510.879,459.2000000000001,,,,,
SOUTHEAST LIFE,3,2025,842.11547971,1.3853491910205,C:\Users\User\Desktop\LifeFS\data\TLAA\monthly\New_Business_Monthly_Report_on_MARCH_2025\T1.Premium(MTD).xlsx,False,2443.12579092,1.409032102759,185893.3817,74340.3075,527578.275,7424.888,337.25,,,,,
SOUTHEAST LIFE,3,2026,876.58152801,1.362384121888,C:\Users\User\Desktop\LifeFS\data\TLAA\monthly\New_Business_Monthly_Report_on_MARCH_2026 (1)\T1.Premium(MTD).xlsx,False,2099.45673159,1.1587432507556,190286.53865,174573.59526,469218.199,9848.418,475.891,,,,,
SOUTHEAST LIFE,4,2025,725.86248147,1.5943742821988,C:\Users\User\Desktop\LifeFS\data\TLAA\monthly\New_Business_Monthly_Report_on_APRIL_2025\T1.Premium(MTD).xlsx,False,3168.98827239,1.4475763147103,190008.63198,34161.0804,479513.9360000001,7500.192000000001,252.35,,,,,
SOUTHEAST LIFE,5,2025,865.93801576,1.775698742985,C:\Users\User\Desktop\LifeFS\data\TLAA\monthly\New_Business_Monthly_Report_on_MAY_2025\T1.Premium(MTD).xlsx,False,4034.92628815,1.507353139182,176460.45105999996,29208.03519,631116.1630000001,7676.661999999999,371.8,,,,,
SOUTHEAST LIFE,6,2025,693.60401765,1.1774914219712,C:\Users\User\Desktop\LifeFS\data\TLAA\monthly\New_Business_Monthly_Report_on_JUNE_2025\T1.Premium(MTD).xlsx,False,4728.5303058,1.4478574641709,217941.23515,14018.54171,423887.807,8334.640999999998,333.0,,,,,
SOUTHEAST LIFE,7,2025,731.77882444,1.4404747017688,C:\Users\User\Desktop\LifeFS\data\TLAA\monthly\New_Business_Monthly_Report_on_JULY_2025\T1.Premium(MTD).xlsx,False,5460.30913024,1.4468636539225,193793.01049,58636.57382999999,442740.348,8582.204999999998,348.25,,,,,
SOUTHEAST LIFE,8,2025,629.85725799,1.2616593338701,C:\Users\User\Desktop\LifeFS\data\TLAA\monthly\New_Business_Monthly_Report_on_AUGUST_2025\T1.Premium(MTD).xlsx,False,6090.16638823,1.4252262181947,223670.65531,26162.63953,286709.675,8358.101,527.8,,,,,
SOUTHEAST LIFE,9,2025,620.10415418,1.0684264128789,C:\Users\User\Desktop\LifeFS\data\TLAA\monthly\New_Business_Monthly_Report_on_SEPTEMBER_2025\T1.Premium(MTD).xlsx,False,6710.27054241,1.3825595767423,251426.37579,27484.99777,308793.427,8356.509,983.9,,,,,
SOUTHEAST LIFE,10,2025,849.36525566,1.628670883396,C:\Users\User\Desktop\LifeFS\data\TLAA\monthly\New_Business_Monthly_Report_on_OCTOBER_2025\T1.Premium(MTD).xlsx,False,7559.63579807,1.4064383802535,256719.31873,60753.24739,277815.05100000004,8888.159,3089.55,,,,,
SOUTHEAST LIFE,11,2025,703.79621493,1.2451665392131,C:\Users\User\Desktop\LifeFS\data\TLAA\monthly\New_Business_Monthly_Report_on_NOVEMBER_2025\T1.Premium(MTD).xlsx,False,8263.432013,1.3910931369485,213622.28811,133229.68501999998,321255.46300000005,8983.994,12908.95,,,,,
SOUTHEAST LIFE,12,2025,1254.22559343,1.5206210151023,C:\Users\User\Desktop\LifeFS\data\TLAA\monthly\New_Business_Monthly_Report_on_DECEMBER_2025\T1.Premium(MTD).xlsx,False,9517.65760643,1.4068854808278,531021.5968399999,164481.56864999997,409908.867,9948.955000000002,98321.672,,,,,
T LIFE,1,2025,,,"C:\Users\User\Desktop\LifeFS\data\TLAA\static_by_channel\(Revise) รายงานการรับประกันชีวิตแยกตามช่องทาง (รูปแบบใหม่) ม.ค.68\T2.เบี้ยประกันภัยรับรวมแยกตามช่องทาง (MTD,YTD).1.25.xlsx",False,,,12.738,152324.3325,1267.484,421.969,0.0,,,,,
T LIFE,1,2026,,,"C:\Users\User\Desktop\LifeFS\data\TLAA\static_by_channel\(Revise)รายงานการรับประกันชีวิตแยกตามช่องทาง (รูปแบบใหม่) ม.ค.69\T2.เบี้ยประกันภัยรับรวมแยกตามช่องทาง (MTD,YTD).1.26.xlsx",False,,,12.738,90247.3684,48038.924,283.85900000000004,0.0,,,,,
T LIFE,2,2025,,,"C:\Users\User\Desktop\LifeFS\data\TLAA\static_by_channel\รายงานการรับประกันชีวิตแยกตามช่องทาง (รูปแบบใหม่)ก.พ.68\T2.เบี้ยประกันภัยรับรวมแยกตามช่องทาง (MTD,YTD)2.25.xlsx",False,,,138.629,117052.5232,1325.438,351.64399999999995,0.0,,,,,
T LIFE,2,2026,,,"C:\Users\User\Desktop\LifeFS\data\TLAA\static_by_channel\รายงานการรับประกันชีวิตแยกตามช่องทาง (รูปแบบใหม่)ก.พ.69\T2.เบี้ยประกันภัยรับรวมแยกตามช่องทาง (MTD,YTD)2.26.xlsx",False,,,138.629,99772.20659,40484.237,274.416,1800.0,,,,,
T LIFE,3,2025,,,"C:\Users\User\Desktop\LifeFS\data\TLAA\static_by_channel\รายงานการรับประกันชีวิตแยกตามช่องทาง (รูปแบบใหม่) มี.ค.68\T2.เบี้ยประกันภัยรับรวมแยกตามช่องทาง (MTD,YTD).3.xlsx",False,,,170.245,267360.53232,1305.071,395.867,0.0,,,,,
T LIFE,3,2026,,,"C:\Users\User\Desktop\LifeFS\data\TLAA\static_by_channel\(Revise)รายงานการรับประกันชีวิตแยกตามช่องทาง (รูปแบบใหม่)มี.ค.69\T2.เบี้ยประกันภัยรับรวมแยกตามช่องทาง (MTD,YTD)3.26.xlsx",False,,,170.245,114276.11282,37952.901000000005,295.66400000000004,2510.75,,,,,
T LIFE,4,2025,,,"C:\Users\User\Desktop\LifeFS\data\TLAA\static_by_channel\รายงานการรับประกันชีวิตแยกตามช่องทาง (รูปแบบใหม่) เม.ย.68\T2.เบี้ยประกันภัยรับรวมแยกตามช่องทาง (MTD,YTD)4.25.xlsx",False,,,169.518,75334.07977000001,1023.334,363.664,0.0,,,,,
T LIFE,5,2025,,,"C:\Users\User\Desktop\LifeFS\data\TLAA\static_by_channel\รายงานการรับประกันชีวิตแยกตามช่องทาง (รูปแบบใหม่) พ.ค.68\T2.เบี้ยประกันภัยรับรวมแยกตามช่องทาง (MTD,YTD)5.25.xlsx",False,,,157.177,39635.09943,1079.863,374.249,0.0,,,,,
T LIFE,6,2025,,,"C:\Users\User\Desktop\LifeFS\data\TLAA\static_by_channel\รายงานการรับประกันชีวิตแยกตามช่องทาง (รูปแบบใหม่) มิ.ย.68\6.25 T2.เบี้ยประกันภัยรับรวมแยกตามช่องทาง (MTD,YTD).xlsx",False,,,22.404,41346.15058,1157.982,293.97,0.0,,,,,
T LIFE,7,2025,,,"C:\Users\User\Desktop\LifeFS\data\TLAA\static_by_channel\รายงานการรับประกันชีวิตแยกตามช่องทาง (รูปแบบใหม่) ก.ค.68\7.25 T2.เบี้ยประกันภัยรับรวมแยกตามช่องทาง (MTD,YTD).xlsx",False,,,74.68,76192.14459000001,937.099,390.016,0.0,,,,,
T LIFE,8,2025,,,"C:\Users\User\Desktop\LifeFS\data\TLAA\static_by_channel\รายงานการรับประกันชีวิตแยกตามช่องทาง (รูปแบบใหม่) ส.ค.68\8.25T2.เบี้ยประกันภัยรับรวมแยกตามช่องทาง (MTD,YTD).xlsx",False,,,67.476,73927.26505,965.105,292.353,0.0,,,,,
T LIFE,9,2025,,,"C:\Users\User\Desktop\LifeFS\data\TLAA\static_by_channel\รายงานการรับประกันชีวิตแยกตามช่องทาง (รูปแบบใหม่) ก.ย.68\9.25 T2.เบี้ยประกันภัยรับรวมแยกตามช่องทาง (MTD,YTD).xlsx",False,,,168.82500000000002,64006.78702,839.852,255.261,0.0,,,,,
T LIFE,10,2025,,,"C:\Users\User\Desktop\LifeFS\data\TLAA\static_by_channel\รายงานการรับประกันชีวิตแยกตามช่องทาง (รูปแบบใหม่) ต.ค.68\10.25 T2.เบี้ยประกันภัยรับรวมแยกตามช่องทาง (MTD,YTD).xlsx",False,,,55.564,54280.70835999999,766.856,243.933,0.0,,,,,
T LIFE,11,2025,,,"C:\Users\User\Desktop\LifeFS\data\TLAA\static_by_channel\รายงานการรับประกันชีวิตแยกตามช่องทาง (รูปแบบใหม่) พ.ย.68\11.25 T2.เบี้ยประกันภัยรับรวมแยกตามช่องทาง (MTD,YTD).xlsx",False,,,65.73299999999999,50016.370870000006,696.676,277.006,0.0,,,,,
T LIFE,12,2025,,,"C:\Users\User\Desktop\LifeFS\data\TLAA\static_by_channel\รายงานการรับประกันชีวิตแยกตามช่องทาง (รูปแบบใหม่) ธ.ค.68\12.25 T2.เบี้ยประกันภัยรับรวมแยกตามช่องทาง (MTD,YTD).xlsx",False,,,686.3679999999999,99164.9101,10561.204,259.19000000000005,0.0,,,,,
THAI LIFE,1,2025,6597.234076,10.784827966569,C:\Users\User\Desktop\LifeFS\data\TLAA\monthly\New_Business_Monthly_Report_on_JANUARY_2025\T1.Premium(MTD).xlsx,False,6597.234076,10.784827966569,3880823.655692464,130754.75330753528,1394355.37761,194247.645,449.435,649531546000.0,495053827000.0,154477719000.0,,35954787000.0
THAI LIFE,1,2026,5548.47652477,8.7117333643798,C:\Users\User\Desktop\LifeFS\data\TLAA\monthly\New_Business_Monthly_Report_on_JANUARY_2026\T1.Premium(MTD).xlsx,False,5548.47652477,8.7117333643798,3759446.187297009,146027.96099299175,850364.566,184816.69200000004,401.054,649531546000.0,495053827000.0,154477719000.0,,35954787000.0
THAI LIFE,2,2025,6656.49843268,12.94240769532,C:\Users\User\Desktop\LifeFS\data\TLAA\monthly\New_Business_Monthly_Report_on_FEBRUARY_2025\T1.Premium(MTD).xlsx,False,13253.73250868,11.770306532606,4774964.279241641,120261.21671835842,1377992.6210399996,175154.746,705.663,649531546000.0,495053827000.0,154477719000.0,,35954787000.0
THAI LIFE,2,2026,5318.63127206,10.006358184612,C:\Users\User\Desktop\LifeFS\data\TLAA\monthly\New_Business_Monthly_Report_on_FEBRUARY_2026\T1.Premium(MTD).xlsx,False,10867.10779683,9.3006692126974,3928397.6847307673,145664.34815923276,769247.44918,187041.895,720.0999999999999,649531546000.0,495053827000.0,154477719000.0,,35954787000.0
THAI LIFE,3,2025,7770.34074552,12.782849294573,C:\Users\User\Desktop\LifeFS\data\TLAA\monthly\New_Business_Monthly_Report_on_MARCH_2025\T1.Premium(MTD).xlsx,False,21024.0732542,12.125284034094,5743278.075704564,115736.57929543454,1538805.6695100002,188869.378,832.522,649531546000.0,495053827000.0,154477719000.0,,35954787000.0
THAI LIFE,3,2026,6314.09699711,9.8133775559382,C:\Users\User\Desktop\LifeFS\data\TLAA\monthly\New_Business_Monthly_Report_on_MARCH_2026 (1)\T1.Premium(MTD).xlsx,False,17181.20479394,9.4827413183931,4736564.279661598,150967.3893184024,1009397.0211500002,207745.00699999995,823.274,649531546000.0,495053827000.0,154477719000.0,,35954787000.0
THAI LIFE,4,2025,5977.13941071,13.128929516034,C:\Users\User\Desktop\LifeFS\data\TLAA\monthly\New_Business_Monthly_Report_on_APRIL_2025\T1.Premium(MTD).xlsx,False,27001.21266491,12.334004597847,4452502.36617821,119147.37876178912,851988.6869999999,186546.144,506.609,649531546000.0,495053827000.0,154477719000.0,,35954787000.0
THAI LIFE,5,2025,6760.70418035,13.86354877168,C:\Users\User\Desktop\LifeFS\data\TLAA\monthly\New_Business_Monthly_Report_on_MAY_2025\T1.Premium(MTD).xlsx,False,33761.91684526,12.612654533731,5145020.623044051,129858.9023259488,1174055.3085000005,185945.069,876.668,649531546000.0,495053827000.0,154477719000.0,,35954787000.0
THAI LIFE,6,2025,8288.61741834,14.071106368679,C:\Users\User\Desktop\LifeFS\data\TLAA\monthly\New_Business_Monthly_Report_on_JUNE_2025\T1.Premium(MTD).xlsx,False,42050.5342636,12.875708934603,6725202.666544704,109696.58018529868,1195855.61341,181838.094,572.973,649531546000.0,495053827000.0,154477719000.0,,35954787000.0
THAI LIFE,7,2025,6334.87594564,12.469927024086,C:\Users\User\Desktop\LifeFS\data\TLAA\monthly\New_Business_Monthly_Report_on_JULY_2025\T1.Premium(MTD).xlsx,False,48385.41020924,12.821085719153,4752563.2883939,127453.20624610066,1154391.14078,191113.21200000003,1374.729,649531546000.0,495053827000.0,154477719000.0,,35954787000.0
THAI LIFE,8,2025,5673.30648744,11.364130512088,C:\Users\User\Desktop\LifeFS\data\TLAA\monthly\New_Business_Monthly_Report_on_AUGUST_2025\T1.Premium(MTD).xlsx,False,54058.71669668,12.650869524184,4364265.390362774,118270.77850722568,961109.431,176590.184,1478.187,649531546000.0,495053827000.0,154477719000.0,,35954787000.0
THAI LIFE,9,2025,6827.95917119,11.764430016123,C:\Users\User\Desktop\LifeFS\data\TLAA\monthly\New_Business_Monthly_Report_on_SEPTEMBER_2025\T1.Premium(MTD).xlsx,False,60886.67586787,12.544867794092,4933098.869143631,115421.962656368,1471018.64993,195780.292,1292.0959999999995,649531546000.0,495053827000.0,154477719000.0,,35954787000.0
THAI LIFE,10,2025,6262.40777845,12.008262806546,C:\Users\User\Desktop\LifeFS\data\TLAA\monthly\New_Business_Monthly_Report_on_OCTOBER_2025\T1.Premium(MTD).xlsx,False,67149.08364632,12.492804013541,4198542.933531025,120715.46654897442,1568990.68471,196948.394,471.63000000000005,649531546000.0,495053827000.0,154477719000.0,,35954787000.0
THAI LIFE,11,2025,6373.73884817,11.276511829796,C:\Users\User\Desktop\LifeFS\data\TLAA\monthly\New_Business_Monthly_Report_on_NOVEMBER_2025\T1.Premium(MTD).xlsx,False,73522.82249449,12.377072095501,4304772.839012377,112005.48737762377,1745566.14273,181566.087,238.849,649531546000.0,495053827000.0,154477719000.0,,35954787000.0
THAI LIFE,12,2025,10264.63890048,12.444831062505,C:\Users\User\Desktop\LifeFS\data\TLAA\monthly\New_Business_Monthly_Report_on_DECEMBER_2025\T1.Premium(MTD).xlsx,False,83787.46139497,12.385333428297,8069206.972843333,143711.12641666777,1746690.64407,230881.041,1427.939,649531546000.0,495053827000.0,154477719000.0,,35954787000.0
TLIFE,1,2025,270.81072111,0.44270780830695,C:\Users\User\Desktop\LifeFS\data\TLAA\monthly\New_Business_Monthly_Report_on_JANUARY_2025\T1.Premium(MTD).xlsx,False,270.81072111,0.44270780830695,,,,,,,,,,
TLIFE,1,2026,198.47027209,0.31162069146101,C:\Users\User\Desktop\LifeFS\data\TLAA\monthly\New_Business_Monthly_Report_on_JANUARY_2026\T1.Premium(MTD).xlsx,False,198.47027209,0.31162069146101,,,,,,,,,,
TLIFE,2,2025,179.89462792,0.34977392998515,C:\Users\User\Desktop\LifeFS\data\TLAA\monthly\New_Business_Monthly_Report_on_FEBRUARY_2025\T1.Premium(MTD).xlsx,False,450.70534903,0.40026008601683,,,,,,,,,,
TLIFE,2,2026,196.82282181,0.37029821267794,C:\Users\User\Desktop\LifeFS\data\TLAA\monthly\New_Business_Monthly_Report_on_FEBRUARY_2026\T1.Premium(MTD).xlsx,False,395.2930939,0.33831359522357,,,,,,,,,,
TLIFE,3,2025,329.10040287,0.54139721673028,C:\Users\User\Desktop\LifeFS\data\TLAA\monthly\New_Business_Monthly_Report_on_MARCH_2025\T1.Premium(MTD).xlsx,False,779.8057519,0.44973997754305,,,,,,,,,,
TLIFE,3,2026,207.71086513,0.32282448985567,C:\Users\User\Desktop\LifeFS\data\TLAA\monthly\New_Business_Monthly_Report_on_MARCH_2026 (1)\T1.Premium(MTD).xlsx,False,603.00395903,0.33281313074536,,,,,,,,,,
TLIFE,4,2025,93.40552391,0.20516746482862,C:\Users\User\Desktop\LifeFS\data\TLAA\monthly\New_Business_Monthly_Report_on_APRIL_2025\T1.Premium(MTD).xlsx,False,873.21127581,0.39887808093629,,,,,,,,,,
TLIFE,5,2025,50.39021958,0.10333054784344,C:\Users\User\Desktop\LifeFS\data\TLAA\monthly\New_Business_Monthly_Report_on_MAY_2025\T1.Premium(MTD).xlsx,False,923.60149539,0.34503569929345,,,,,,,,,,
TLIFE,6,2025,61.96473777,0.10519395120587,C:\Users\User\Desktop\LifeFS\data\TLAA\monthly\New_Business_Monthly_Report_on_JUNE_2025\T1.Premium(MTD).xlsx,False,985.56623316,0.30177652142046,,,,,,,,,,
TLIFE,7,2025,116.32205396,0.22897489021412,C:\Users\User\Desktop\LifeFS\data\TLAA\monthly\New_Business_Monthly_Report_on_JULY_2025\T1.Premium(MTD).xlsx,False,1101.88828712,0.2919765301359,,,,,,,,,,
TLIFE,8,2025,86.31248114,0.17289147037422,C:\Users\User\Desktop\LifeFS\data\TLAA\monthly\New_Business_Monthly_Report_on_AUGUST_2025\T1.Premium(MTD).xlsx,False,1188.20076826,0.27806381294869,,,,,,,,,,
TLIFE,9,2025,79.59732071,0.13714450914042,C:\Users\User\Desktop\LifeFS\data\TLAA\monthly\New_Business_Monthly_Report_on_SEPTEMBER_2025\T1.Premium(MTD).xlsx,False,1267.79808897,0.26121247693413,,,,,,,,,,
TLIFE,10,2025,76.5519387,0.14678951463741,C:\Users\User\Desktop\LifeFS\data\TLAA\monthly\New_Business_Monthly_Report_on_OCTOBER_2025\T1.Premium(MTD).xlsx,False,1344.35002767,0.25011065690396,,,,,,,,,,
TLIFE,11,2025,70.38648548,0.12452879778733,C:\Users\User\Desktop\LifeFS\data\TLAA\monthly\New_Business_Monthly_Report_on_NOVEMBER_2025\T1.Premium(MTD).xlsx,False,1414.73651315,0.23816136575424,,,,,,,,,,
TLIFE,12,2025,202.17008625,0.2451106749752,C:\Users\User\Desktop\LifeFS\data\TLAA\monthly\New_Business_Monthly_Report_on_DECEMBER_2025\T1.Premium(MTD).xlsx,False,1616.9065994,0.23900864189669,,,,,,,,,,
TOKIO MARINE,1,2025,1070.83040444,1.7505399323741,C:\Users\User\Desktop\LifeFS\data\TLAA\monthly\New_Business_Monthly_Report_on_JANUARY_2025\T1.Premium(MTD).xlsx,False,1070.83040444,1.7505399323741,461614.56469999993,310927.61072,842.0449999999998,15963.263999999996,0.0,,,,,
TOKIO MARINE,1,2026,1141.22393539,1.7918501754097,C:\Users\User\Desktop\LifeFS\data\TLAA\monthly\New_Business_Monthly_Report_on_JANUARY_2026\T1.Premium(MTD).xlsx,False,1141.22393539,1.7918501754097,461083.8629,319709.1356654636,31069.264,12604.699999999995,69.453,,,,,
TOKIO MARINE,2,2025,581.09066794,1.1298301063968,C:\Users\User\Desktop\LifeFS\data\TLAA\monthly\New_Business_Monthly_Report_on_FEBRUARY_2025\T1.Premium(MTD).xlsx,False,1651.92107238,1.4670295614349,459918.26401000016,30091.70459,472.61300000000006,15651.976,0.0,,,,,
TOKIO MARINE,2,2026,575.78585462,1.0832710906708,C:\Users\User\Desktop\LifeFS\data\TLAA\monthly\New_Business_Monthly_Report_on_FEBRUARY_2026\T1.Premium(MTD).xlsx,False,1717.00979001,1.4695115195696,459697.1256600001,23227.67029459942,29815.791,12635.947,135.35,,,,,
TOKIO MARINE,3,2025,735.30066983,1.2096300479557,C:\Users\User\Desktop\LifeFS\data\TLAA\monthly\New_Business_Monthly_Report_on_MARCH_2025\T1.Premium(MTD).xlsx,False,2387.22174221,1.3767903739052,597441.2328199998,31255.7571,588.117,15643.294000000002,0.0,,,,,
TOKIO MARINE,3,2026,816.12713279,1.268425824212,C:\Users\User\Desktop\LifeFS\data\TLAA\monthly\New_Business_Monthly_Report_on_MARCH_2026 (1)\T1.Premium(MTD).xlsx,False,2533.1369228,1.3981023130261,665077.0234000002,37110.65624000001,36696.122,12310.13,38.139,,,,,
TOKIO MARINE,4,2025,1153.15130441,2.5329243901846,C:\Users\User\Desktop\LifeFS\data\TLAA\monthly\New_Business_Monthly_Report_on_APRIL_2025\T1.Premium(MTD).xlsx,False,3540.37304662,1.6172228253975,486033.8593,147358.84938,353.30100000000004,15744.428000000002,0.0,,,,,
TOKIO MARINE,5,2025,649.45559725,1.3317783336365,C:\Users\User\Desktop\LifeFS\data\TLAA\monthly\New_Business_Monthly_Report_on_MAY_2025\T1.Premium(MTD).xlsx,False,4189.82864387,1.5652209998285,518850.0516000001,48694.80412,338.57000000000005,15506.793,0.0,,,,,
TOKIO MARINE,6,2025,893.08506516,1.5161388581332,C:\Users\User\Desktop\LifeFS\data\TLAA\monthly\New_Business_Monthly_Report_on_JUNE_2025\T1.Premium(MTD).xlsx,False,5082.91370903,1.556368274584,769395.77328,36043.35198,340.9790000000001,15273.536999999998,0.0,,,,,
TOKIO MARINE,7,2025,778.53418096,1.5325105819964,C:\Users\User\Desktop\LifeFS\data\TLAA\monthly\New_Business_Monthly_Report_on_JULY_2025\T1.Premium(MTD).xlsx,False,5861.44788999,1.5531567369363,476745.0868499999,88148.25234,386.3260000000001,14803.263,0.0,,,,,
TOKIO MARINE,8,2025,650.82089959,1.3036513467604,C:\Users\User\Desktop\LifeFS\data\TLAA\monthly\New_Business_Monthly_Report_on_AUGUST_2025\T1.Premium(MTD).xlsx,False,6512.26878958,1.5240070019725,494120.6140200001,41836.77221,384.597,14148.078,0.0,,,,,
TOKIO MARINE,9,2025,914.78432073,1.5761541408279,C:\Users\User\Desktop\LifeFS\data\TLAA\monthly\New_Business_Monthly_Report_on_SEPTEMBER_2025\T1.Premium(MTD).xlsx,False,7427.05311031,1.5302428329432,642788.1254600002,42687.06421,631.578,14014.484,0.0,,,,,
TOKIO MARINE,10,2025,840.12361837,1.6109499023825,C:\Users\User\Desktop\LifeFS\data\TLAA\monthly\New_Business_Monthly_Report_on_OCTOBER_2025\T1.Premium(MTD).xlsx,False,8267.17672868,1.5380733884724,548747.0590899999,96215.80203,1401.8749999999998,13494.286,0.0,,,,,
TOKIO MARINE,11,2025,735.53256158,1.301314947072,C:\Users\User\Desktop\LifeFS\data\TLAA\monthly\New_Business_Monthly_Report_on_NOVEMBER_2025\T1.Premium(MTD).xlsx,False,9002.70929026,1.5155454885962,604398.0412000001,69725.77703,460.99,13545.544999999998,0.0,,,,,
TOKIO MARINE,12,2025,1475.61268008,1.7890303492729,C:\Users\User\Desktop\LifeFS\data\TLAA\monthly\New_Business_Monthly_Report_on_DECEMBER_2025\T1.Premium(MTD).xlsx,False,10478.32197034,1.5488894067329,1339007.7653,39187.02339,893.7810000000001,13240.389,0.0,,,,,
